Date,Adj Close,Close,High,Low,Open,Volume
2018-01-02,4.349908351898193,16.549999237060547,16.549999237060547,16.190000534057617,16.190000534057617,33461800
2018-01-03,4.389333248138428,16.700000762939453,16.719999313354492,16.3700008392334,16.489999771118164,55940900
2018-01-04,4.397218227386475,16.729999542236328,16.959999084472656,16.6200008392334,16.780000686645508,37064900
2018-01-05,4.423501968383789,16.829999923706055,16.860000610351562,16.56999969482422,16.700000762939453,26958200
2018-01-08,4.476067543029785,17.030000686645508,17.030000686645508,16.709999084472656,16.739999771118164,28400000
2018-01-09,4.476067543029785,17.030000686645508,17.15999984741211,16.959999084472656,17.030000686645508,35070900
2018-01-10,4.415616512298584,16.799999237060547,17.049999237060547,16.770000457763672,16.920000076293945,28547700
2018-01-11,4.5338921546936035,17.25,17.299999237060547,16.84000015258789,16.8799991607666,37921500
2018-01-12,4.547033786773682,17.299999237060547,17.40999984741211,17.020000457763672,17.040000915527344,45912100
2018-01-15,4.560174465179443,17.350000381469727,17.440000534057617,17.149999618530273,17.31999969482422,28945400
2018-01-16,4.639025688171387,17.649999618530273,17.84000015258789,17.299999237060547,17.350000381469727,58618300
2018-01-17,4.8256378173828125,18.360000610351562,18.360000610351562,17.809999465942383,17.920000076293945,58488900
2018-01-18,4.788840293884277,18.219999313354492,18.530000686645508,17.93000030517578,18.350000381469727,48575800
2018-01-19,4.799353122711182,18.260000228881836,18.420000076293945,18.030000686645508,18.309999465942383,33470200
2018-01-22,4.854549884796143,18.469999313354492,18.469999313354492,18.09000015258789,18.260000228881836,33920000
2018-01-23,4.794097423553467,18.239999771118164,18.459999084472656,18.0,18.399999618530273,35567700
2018-01-24,5.083216190338135,19.34000015258789,19.6299991607666,18.420000076293945,18.420000076293945,89768200
2018-01-25,5.083216190338135,19.34000015258789,19.34000015258789,19.34000015258789,19.34000015258789,0
2018-01-26,5.23828649520874,19.93000030517578,19.979999542236328,19.100000381469727,19.6200008392334,81989500
2018-01-29,5.217260837554932,19.850000381469727,20.049999237060547,19.56999969482422,19.670000076293945,55726200
2018-01-30,5.122641563415527,19.489999771118164,19.770000457763672,19.360000610351562,19.770000457763672,46203000
2018-01-31,5.177834510803223,19.700000762939453,19.93000030517578,19.68000030517578,19.739999771118164,41576600
2018-02-01,5.393360137939453,20.520000457763672,20.6200008392334,19.760000228881836,19.760000228881836,51950200
2018-02-02,5.248802185058594,19.969999313354492,20.420000076293945,19.850000381469727,20.299999237060547,50657800
2018-02-05,5.004364013671875,19.040000915527344,19.969999313354492,19.040000915527344,19.649999618530273,62268600
2018-02-06,5.254059791564941,19.989999771118164,19.989999771118164,18.6200008392334,18.65999984741211,74146500
2018-02-07,5.109500408172607,19.440000534057617,20.219999313354492,19.360000610351562,19.969999313354492,61910300
2018-02-08,5.006993770599365,19.049999237060547,19.739999771118164,18.799999237060547,19.549999237060547,51115100
2018-02-09,4.933401584625244,18.770000457763672,19.389999389648438,18.510000228881836,19.030000686645508,68727600
2018-02-14,5.059560775756836,19.25,19.360000610351562,18.959999084472656,19.010000228881836,43402800
2018-02-15,5.0989861488342285,19.399999618530273,19.540000915527344,19.170000076293945,19.5,31978000
2018-02-16,5.104242324829102,19.420000076293945,19.579999923706055,19.309999465942383,19.459999084472656,34736300
2018-02-19,5.2698283195495605,20.049999237060547,20.100000381469727,19.549999237060547,19.549999237060547,40925500
2018-02-20,5.37233304977417,20.440000534057617,20.81999969482422,19.81999969482422,19.8799991607666,67418700
2018-02-21,5.322393894195557,20.25,20.8799991607666,20.25,20.59000015258789,55678400
2018-02-22,5.4511823654174805,20.739999771118164,20.81999969482422,20.540000915527344,20.59000015258789,38170900
2018-02-23,5.551059722900391,21.1200008392334,21.139999389648438,20.6200008392334,20.950000762939453,55755600
2018-02-26,5.65619421005249,21.520000457763672,21.690000534057617,21.3799991607666,21.399999618530273,48160500
2018-02-27,5.650938034057617,21.5,21.850000381469727,21.34000015258789,21.469999313354492,42912500
2018-02-28,5.6404242515563965,21.459999084472656,21.770000457763672,21.18000030517578,21.6299991607666,66229400
2018-03-01,5.527405738830566,21.030000686645508,21.459999084472656,20.760000228881836,21.399999618530273,66380900
2018-03-02,5.653565406799316,21.510000228881836,21.510000228881836,20.510000228881836,20.700000762939453,52682900
2018-03-05,5.813894748687744,22.1200008392334,22.170000076293945,21.360000610351562,21.489999771118164,54242600
2018-03-06,5.756072521209717,21.899999618530273,22.6299991607666,21.860000610351562,22.5,57240800
2018-03-07,5.695621490478516,21.670000076293945,21.969999313354492,21.3700008392334,21.690000534057617,50956600
2018-03-08,5.703505516052246,21.700000762939453,21.8799991607666,21.31999969482422,21.850000381469727,36156800
2018-03-09,5.884860515594482,22.389999389648438,22.389999389648438,21.59000015258789,21.780000686645508,45560000
2018-03-12,5.869091033935547,22.329999923706055,22.59000015258789,22.229999542236328,22.540000915527344,32363900
2018-03-13,5.811266899108887,22.110000610351562,22.540000915527344,22.059999465942383,22.450000762939453,34732800
2018-03-14,5.882232666015625,22.3799991607666,22.440000534057617,22.09000015258789,22.299999237060547,31947600
2018-03-15,5.600998878479004,21.309999465942383,22.18000030517578,21.309999465942383,22.049999237060547,81097800
2018-03-16,5.632538795471191,21.43000030517578,21.739999771118164,21.229999542236328,21.469999313354492,57891900
2018-03-19,5.501121997833252,20.93000030517578,21.360000610351562,20.860000610351562,21.270000457763672,42218400
2018-03-20,5.561574459075928,21.15999984741211,21.40999984741211,21.110000610351562,21.18000030517578,30106800
2018-03-21,5.795496940612793,22.049999237060547,22.09000015258789,21.200000762939453,21.25,53106300
2018-03-22,5.708761215209961,21.719999313354492,22.040000915527344,21.579999923706055,21.860000610351562,50033300
2018-03-23,5.716645240783691,21.75,22.110000610351562,21.530000686645508,21.610000610351562,52815800
2018-03-26,5.79024076461792,22.030000686645508,22.200000762939453,21.84000015258789,22.06999969482422,30174900
2018-03-27,5.63516902923584,21.440000534057617,22.18000030517578,21.3700008392334,22.139999389648438,43568100
2018-03-28,5.572088718414307,21.200000762939453,21.40999984741211,20.989999771118164,21.260000228881836,38539300
2018-03-29,5.627283096313477,21.40999984741211,21.559999465942383,21.229999542236328,21.260000228881836,34318800
2018-04-02,5.493236541748047,20.899999618530273,21.459999084472656,20.770000457763672,21.360000610351562,37275000
2018-04-03,5.443299293518066,20.709999084472656,21.190000534057617,20.65999984741211,21.110000610351562,39245800
2018-04-04,5.356563091278076,20.3799991607666,20.600000381469727,20.110000610351562,20.309999465942383,58475700
2018-04-05,5.558946132659912,21.149999618530273,21.329999923706055,21.030000686645508,21.149999618530273,88599000
2018-04-06,5.593114852905273,21.280000686645508,21.280000686645508,20.829999923706055,20.979999542236328,47908900
2018-04-09,5.395988464355469,20.530000686645508,21.440000534057617,20.530000686645508,21.43000030517578,44248900
2018-04-10,5.6246538162231445,21.399999618530273,21.510000228881836,20.760000228881836,20.90999984741211,58545100
2018-04-11,5.729788303375244,21.799999237060547,21.899999618530273,21.329999923706055,21.350000381469727,62378300
2018-04-12,5.698249340057373,21.68000030517578,21.940000534057617,21.68000030517578,21.790000915527344,36238700
2018-04-13,5.572088718414307,21.200000762939453,21.739999771118164,21.059999465942383,21.639999389648438,43347800
2018-04-16,5.4196457862854,20.6200008392334,21.239999771118164,20.600000381469727,21.049999237060547,48474200
2018-04-17,5.527405738830566,21.030000686645508,21.079999923706055,20.6200008392334,20.700000762939453,36570400
2018-04-18,5.729788303375244,21.799999237060547,21.8700008392334,21.309999465942383,21.350000381469727,65237400
2018-04-19,5.834920883178711,22.200000762939453,22.399999618530273,21.93000030517578,22.06999969482422,62475200
2018-04-20,5.876974582672119,22.360000610351562,22.459999084472656,21.899999618530273,22.059999465942383,61494800
2018-04-23,5.908514976501465,22.479999542236328,22.479999542236328,21.940000534057617,22.09000015258789,37023300
2018-04-24,5.88748836517334,22.399999618530273,22.770000457763672,22.229999542236328,22.600000381469727,46710300
2018-04-25,5.711390495300293,21.729999542236328,22.1299991607666,21.670000076293945,22.010000228881836,68160600
2018-04-26,5.947940826416016,22.6299991607666,22.6299991607666,21.969999313354492,22.0,56674700
2018-04-27,5.968967437744141,22.709999084472656,22.93000030517578,22.65999984741211,22.84000015258789,37858300
2018-04-30,6.037304878234863,22.969999313354492,23.020000457763672,22.6299991607666,22.729999542236328,23681500
2018-05-02,5.940054893493652,22.600000381469727,22.93000030517578,22.510000228881836,22.670000076293945,31778100
2018-05-03,5.900631427764893,22.450000762939453,22.639999389648438,21.969999313354492,22.540000915527344,48855700
2018-05-04,5.85331916809082,22.270000457763672,22.639999389648438,22.270000457763672,22.450000762939453,33599400
2018-05-07,5.953197956085205,22.649999618530273,23.170000076293945,22.489999771118164,22.56999969482422,47815100
2018-05-08,6.021534442901611,22.90999984741211,23.149999618530273,22.520000457763672,23.059999465942383,81198700
2018-05-09,6.513035297393799,24.780000686645508,24.799999237060547,23.219999313354492,23.299999237060547,118032300
2018-05-10,6.767982482910156,25.75,26.489999771118164,24.920000076293945,25.139999389648438,126907200
2018-05-11,6.686506271362305,25.440000534057617,26.309999465942383,25.420000076293945,25.829999923706055,72996400
2018-05-14,6.896773338317871,26.239999771118164,26.479999542236328,25.809999465942383,25.850000381469727,66938700
2018-05-15,7.041331768035889,26.790000915527344,26.899999618530273,25.889999389648438,26.350000381469727,75230200
2018-05-16,7.199031352996826,27.389999389648438,27.530000686645508,26.84000015258789,26.8700008392334,64486500
2018-05-17,6.820551872253418,25.950000762939453,27.600000381469727,25.469999313354492,27.350000381469727,112487000
2018-05-18,6.741699695587158,25.649999618530273,26.170000076293945,24.959999084472656,25.010000228881836,83206900
2018-05-21,6.5839996337890625,25.049999237060547,26.290000915527344,24.940000534057617,26.100000381469727,75971900
2018-05-22,6.507626056671143,24.709999084472656,25.290000915527344,24.149999618530273,24.809999465942383,88109900
2018-05-23,6.128386497497559,23.270000457763672,24.479999542236328,23.270000457763672,24.229999542236328,74622500
2018-05-24,5.288268566131592,20.079999923706055,20.75,19.649999618530273,20.049999237060547,240343800
2018-05-25,5.214527130126953,19.799999237060547,21.270000457763672,19.65999984741211,20.649999618530273,131188100
2018-05-28,4.453417778015137,16.90999984741211,19.200000762939453,16.90999984741211,19.200000762939453,134504900
2018-05-29,5.0828471183776855,19.299999237060547,19.440000534057617,17.600000381469727,18.0,181509800
2018-05-30,4.99857234954834,18.979999542236328,19.969999313354492,18.1299991607666,18.389999389648438,125430000
2018-06-01,4.255897045135498,16.15999984741211,19.75,14.899999618530273,19.559999465942383,216954700
2018-06-04,4.616701126098633,17.530000686645508,17.639999389648438,17.049999237060547,17.290000915527344,93547600
2018-06-05,4.369143009185791,16.59000015258789,17.799999237060547,16.59000015258789,17.360000610351562,67006400
2018-06-06,4.300667762756348,16.329999923706055,16.68000030517578,15.869999885559082,16.469999313354492,69496800
2018-06-07,4.1505537033081055,15.760000228881836,16.15999984741211,14.930000305175781,16.0,118752700
2018-06-08,4.01624059677124,15.25,16.190000534057617,15.0600004196167,15.8100004196167,91461500
2018-06-11,4.058376312255859,15.40999984741211,15.800000190734863,15.130000114440918,15.5,44872500
2018-06-12,4.071545124053955,15.460000038146973,15.680000305175781,15.239999771118164,15.479999542236328,69592600
2018-06-13,3.995171070098877,15.170000076293945,15.5,14.739999771118164,15.420000076293945,72301200
2018-06-14,3.9767353534698486,15.100000381469727,15.550000190734863,15.050000190734863,15.329999923706055,57324600
2018-06-15,3.9424984455108643,14.970000267028809,15.069999694824219,14.470000267028809,15.029999732971191,75239300
2018-06-18,3.818718910217285,14.5,14.890000343322754,14.5,14.770000457763672,47363800
2018-06-19,4.061011791229248,15.420000076293945,15.720000267028809,14.170000076293945,14.260000228881836,97301500
2018-06-20,4.269066333770752,16.209999084472656,16.479999542236328,15.800000190734863,15.84000015258789,88397300
2018-06-21,3.9767353534698486,15.100000381469727,16.31999969482422,15.100000381469727,16.09000015258789,67884300
2018-06-22,3.9793701171875,15.109999656677246,15.680000305175781,15.010000228881836,15.40999984741211,52184500
2018-06-25,4.13475227355957,15.699999809265137,15.789999961853027,15.0600004196167,15.199999809265137,60347200
2018-06-26,4.224294662475586,16.040000915527344,16.1200008392334,15.529999732971191,15.899999618530273,59595900
2018-06-27,4.358608722686768,16.549999237060547,16.979999542236328,16.059999465942383,16.100000381469727,78095000
2018-06-28,4.3717756271362305,16.600000381469727,17.06999969482422,16.329999923706055,16.719999313354492,94960700
2018-06-29,4.527158260345459,17.190000534057617,17.190000534057617,16.729999542236328,16.850000381469727,75735100
2018-07-02,4.600898742675781,17.469999313354492,17.479999542236328,16.899999618530273,16.989999771118164,54545600
2018-07-03,4.608798980712891,17.5,17.889999389648438,17.459999084472656,17.739999771118164,57456700
2018-07-04,4.637768745422363,17.610000610351562,18.450000762939453,17.239999771118164,17.3799991607666,54211000
2018-07-05,4.703610420227051,17.860000610351562,18.799999237060547,17.649999618530273,18.600000381469727,76084700
2018-07-06,4.7246785163879395,17.940000534057617,18.09000015258789,17.649999618530273,17.969999313354492,33878700
2018-07-10,4.674638748168945,17.75,18.350000381469727,17.549999237060547,18.34000015258789,70886200
2018-07-11,4.585097312927246,17.40999984741211,18.079999923706055,17.299999237060547,17.489999771118164,85806300
2018-07-12,4.727312088012695,17.950000762939453,18.020000457763672,17.520000457763672,17.6200008392334,49397900
2018-07-13,4.769448280334473,18.110000610351562,18.18000030517578,17.780000686645508,17.989999771118164,44951900
2018-07-16,4.708876609802246,17.8799991607666,17.979999542236328,17.600000381469727,17.950000762939453,62798900
2018-07-17,4.816854953765869,18.290000915527344,18.399999618530273,17.709999084472656,17.790000915527344,40884300
2018-07-18,4.753647804260254,18.049999237060547,18.399999618530273,17.940000534057617,18.25,40643800
2018-07-19,4.845824241638184,18.399999618530273,18.399999618530273,17.739999771118164,17.84000015258789,60404900
2018-07-20,5.0802130699157715,19.290000915527344,19.479999542236328,18.93000030517578,19.170000076293945,98035200
2018-07-23,5.072314739227295,19.260000228881836,19.469999313354492,19.209999084472656,19.299999237060547,35231500
2018-07-24,5.177657127380371,19.65999984741211,19.8700008392334,19.530000686645508,19.56999969482422,39934600
2018-07-25,5.25666618347168,19.959999084472656,20.0,19.610000610351562,19.799999237060547,48759900
2018-07-26,5.111817359924316,19.40999984741211,19.950000762939453,19.3700008392334,19.950000762939453,48144300
2018-07-27,5.206626892089844,19.770000457763672,19.809999465942383,19.549999237060547,19.600000381469727,36509400
2018-07-30,5.238230228424072,19.889999389648438,20.100000381469727,19.700000762939453,19.950000762939453,37053900
2018-07-31,5.1934590339660645,19.719999313354492,19.790000915527344,19.469999313354492,19.6200008392334,38641200
2018-08-01,5.269833564758301,20.010000228881836,20.010000228881836,19.540000915527344,19.59000015258789,39141700
2018-08-02,5.375177383422852,20.40999984741211,20.780000686645508,19.950000762939453,19.989999771118164,69008900
2018-08-03,5.559529781341553,21.110000610351562,21.549999237060547,21.09000015258789,21.399999618530273,86908000
2018-08-06,5.541093826293945,21.040000915527344,21.469999313354492,20.979999542236328,21.149999618530273,44528300
2018-08-07,5.454184532165527,20.709999084472656,21.459999084472656,20.56999969482422,21.329999923706055,69136700
2018-08-08,5.304070472717285,20.139999389648438,21.06999969482422,20.1200008392334,20.809999465942383,58211500
2018-08-09,5.356741428375244,20.34000015258789,20.350000381469727,19.799999237060547,20.260000228881836,51253100
2018-08-10,5.159222602844238,19.59000015258789,20.149999618530273,19.360000610351562,20.100000381469727,61789800
2018-08-13,5.27773380279541,20.040000915527344,20.040000915527344,19.270000457763672,19.5,58306700
2018-08-14,5.275093078613281,19.979999542236328,20.309999465942383,19.729999542236328,20.280000686645508,55180600
2018-08-15,5.029556751251221,19.049999237060547,19.670000076293945,19.049999237060547,19.639999389648438,65651700
2018-08-16,5.00315523147583,18.950000762939453,19.350000381469727,18.770000457763672,19.31999969482422,51201600
2018-08-17,4.873785495758057,18.459999084472656,18.860000610351562,18.399999618530273,18.75,68328400
2018-08-20,4.847384452819824,18.360000610351562,18.510000228881836,18.09000015258789,18.3700008392334,56315600
2018-08-21,4.678411483764648,17.719999313354492,18.530000686645508,17.649999618530273,18.270000457763672,68735300
2018-08-22,4.844742774963379,18.350000381469727,18.3799991607666,17.649999618530273,17.700000762939453,56623700
2018-08-23,4.7391357421875,17.950000762939453,18.520000457763672,17.8799991607666,18.350000381469727,56284100
2018-08-24,4.831541061401367,18.299999237060547,18.440000534057617,18.049999237060547,18.350000381469727,37893000
2018-08-27,4.939789772033691,18.709999084472656,18.760000228881836,18.299999237060547,18.40999984741211,35428000
2018-08-28,4.844742774963379,18.350000381469727,18.850000381469727,18.34000015258789,18.760000228881836,38079200
2018-08-29,5.0955610275268555,19.299999237060547,19.309999465942383,18.450000762939453,18.5,71434300
2018-08-30,4.9635515213012695,18.799999237060547,19.540000915527344,18.68000030517578,19.149999618530273,63981900
2018-08-31,5.0849995613098145,19.260000228881836,19.43000030517578,18.90999984741211,18.950000762939453,75767400
2018-09-03,5.016356468200684,19.0,19.1299991607666,18.760000228881836,18.989999771118164,25401600
2018-09-04,4.923949241638184,18.649999618530273,19.190000534057617,18.6200008392334,19.1299991607666,39759800
2018-09-05,4.950351715087891,18.75,18.799999237060547,18.229999542236328,18.559999465942383,53967300
2018-09-06,5.013716697692871,18.989999771118164,19.020000457763672,18.479999542236328,18.989999771118164,54304300
2018-09-10,5.0849995613098145,19.260000228881836,19.600000381469727,19.049999237060547,19.360000610351562,58578100
2018-09-11,4.8843464851379395,18.5,18.889999389648438,18.43000030517578,18.8700008392334,56495200
2018-09-12,5.00315523147583,18.950000762939453,19.219999313354492,18.639999389648438,18.809999465942383,59695700
2018-09-13,4.939789772033691,18.709999084472656,19.1299991607666,18.6200008392334,19.030000686645508,36808700
2018-09-14,4.960912227630615,18.790000915527344,18.959999084472656,18.479999542236328,18.799999237060547,55756300
2018-09-17,5.121963977813721,19.399999618530273,19.489999771118164,18.6299991607666,18.6299991607666,71289500
2018-09-18,5.346378326416016,20.25,20.25,19.469999313354492,19.5,72959100
2018-09-19,5.275093078613281,19.979999542236328,20.459999084472656,19.829999923706055,19.93000030517578,60563700
2018-09-20,5.246052265167236,19.8700008392334,20.350000381469727,19.75,20.260000228881836,56206900
2018-09-21,5.3173370361328125,20.139999389648438,20.299999237060547,19.950000762939453,20.149999618530273,58517300
2018-09-24,5.280374526977539,20.0,20.40999984741211,19.920000076293945,20.200000762939453,54332900
2018-09-25,5.3014960289001465,20.079999923706055,20.149999618530273,19.530000686645508,19.700000762939453,54462300
2018-09-26,5.330537796020508,20.190000534057617,20.299999237060547,19.969999313354492,20.239999771118164,60060800
2018-09-27,5.665841102600098,21.459999084472656,21.459999084472656,20.469999313354492,20.5,104177300
2018-09-28,5.568154335021973,21.09000015258789,21.940000534057617,21.020000457763672,21.1299991607666,91254600
2018-10-01,5.544392108917236,21.0,21.360000610351562,20.799999237060547,21.25,56540400
2018-10-02,6.024906158447266,22.81999969482422,22.81999969482422,21.899999618530273,22.0,127231800
2018-10-03,6.281004905700684,23.790000915527344,25.420000076293945,23.459999084472656,25.25,152189200
2018-10-04,6.341729164123535,24.020000457763672,24.520000457763672,23.209999084472656,23.450000762939453,99743300
2018-10-05,6.325888156890869,23.959999084472656,24.59000015258789,23.65999984741211,24.489999771118164,104693400
2018-10-08,7.0228986740112305,26.600000381469727,26.969999313354492,25.75,26.940000534057617,188109000
2018-10-09,7.080982208251953,26.81999969482422,27.0,26.280000686645508,26.479999542236328,90128800
2018-10-10,6.877688407897949,26.049999237060547,26.389999389648438,25.649999618530273,26.309999465942383,82688000
2018-10-11,6.677032947540283,25.290000915527344,26.75,25.059999465942383,26.549999237060547,119307500
2018-10-15,6.803760528564453,25.770000457763672,26.1200008392334,25.549999237060547,25.899999618530273,92331900
2018-10-16,7.057220935821533,26.729999542236328,26.729999542236328,26.09000015258789,26.200000762939453,74144800
2018-10-17,6.9832963943481445,26.450000762939453,26.6299991607666,26.260000228881836,26.440000534057617,80990300
2018-10-18,6.78528356552124,25.700000762939453,26.34000015258789,25.700000762939453,26.290000915527344,56268900
2018-10-19,6.843364715576172,25.920000076293945,26.34000015258789,25.700000762939453,26.290000915527344,61858300
2018-10-22,7.004415035247803,26.530000686645508,26.600000381469727,26.270000457763672,26.270000457763672,63678000
2018-10-23,6.9172892570495605,26.200000762939453,26.479999542236328,25.809999465942383,26.149999618530273,77457300
2018-10-24,6.779998779296875,25.68000030517578,26.989999771118164,25.68000030517578,26.40999984741211,93377100
2018-10-25,6.948973178863525,26.31999969482422,26.639999389648438,25.690000534057617,26.18000030517578,79732200
2018-10-26,7.286917686462402,27.600000381469727,27.600000381469727,26.1200008392334,26.649999618530273,110184900
2018-10-29,6.975375652313232,26.420000076293945,27.270000457763672,25.969999313354492,26.75,160890100
2018-10-30,7.392524242401123,28.0,28.0,26.420000076293945,26.700000762939453,107525500
2018-10-31,7.292195796966553,27.6200008392334,28.329999923706055,27.299999237060547,28.260000228881836,84131500
2018-11-01,7.212992191314697,27.31999969482422,28.020000457763672,27.110000610351562,27.760000228881836,98037100
2018-11-05,7.4347662925720215,28.15999984741211,28.15999984741211,27.40999984741211,27.5,60389900
2018-11-06,7.17866849899292,27.190000534057617,28.299999237060547,26.989999771118164,27.299999237060547,95344400
2018-11-07,6.943691253662109,26.299999237060547,27.649999618530273,26.260000228881836,27.610000610351562,95817100
2018-11-08,6.692873477935791,25.350000381469727,27.030000686645508,25.350000381469727,26.799999237060547,119096300
2018-11-09,6.721918106079102,25.459999084472656,25.719999313354492,24.68000030517578,25.200000762939453,94206400
2018-11-12,6.687594890594482,25.329999923706055,25.920000076293945,25.290000915527344,25.540000915527344,63162600
2018-11-13,6.399813175201416,24.239999771118164,25.31999969482422,23.950000762939453,25.31999969482422,112776300
2018-11-14,6.626869201660156,25.100000381469727,25.190000534057617,23.90999984741211,24.239999771118164,104423900
2018-11-16,6.81168270111084,25.799999237060547,26.040000915527344,25.170000076293945,25.389999389648438,100628900
2018-11-19,6.864486217498779,26.0,26.290000915527344,25.43000030517578,25.559999465942383,79946400
2018-11-21,6.645349979400635,25.170000076293945,25.479999542236328,25.010000228881836,25.100000381469727,77228100
2018-11-22,6.666557788848877,25.149999618530273,25.360000610351562,25.06999969482422,25.280000686645508,31253600
2018-11-23,6.459801197052002,24.3700008392334,24.799999237060547,24.010000228881836,24.649999618530273,77961200
2018-11-26,6.427993297576904,24.25,24.989999771118164,24.049999237060547,24.799999237060547,62111600
2018-11-27,6.767282962799072,25.530000686645508,25.700000762939453,24.270000457763672,24.3700008392334,90759000
2018-11-28,6.727522373199463,25.3799991607666,25.8700008392334,25.049999237060547,25.5,92811300
2018-11-29,6.671856880187988,25.170000076293945,25.5,24.8799991607666,24.959999084472656,65584300
2018-11-30,6.748729228973389,25.459999084472656,25.559999465942383,25.06999969482422,25.110000610351562,90874500
2018-12-03,6.875965595245361,25.940000534057617,26.530000686645508,25.799999237060547,26.299999237060547,90530000
2018-12-04,6.716920852661133,25.34000015258789,26.329999923706055,25.34000015258789,26.25,66867500
2018-12-05,6.775235652923584,25.559999465942383,25.719999313354492,24.950000762939453,25.469999313354492,54183300
2018-12-06,6.518118381500244,24.59000015258789,25.1200008392334,24.309999465942383,24.989999771118164,99037200
2018-12-07,6.565829277038574,24.770000457763672,25.469999313354492,24.450000762939453,24.520000457763672,87994700
2018-12-10,6.213283061981201,23.440000534057617,24.899999618530273,23.440000534057617,24.770000457763672,73871100
2018-12-11,6.173523426055908,23.290000915527344,24.06999969482422,23.06999969482422,23.920000076293945,64017600
2018-12-12,6.176174163818359,23.299999237060547,23.899999618530273,23.200000762939453,23.739999771118164,63296400
2018-12-13,6.192079067230225,23.360000610351562,23.450000762939453,22.959999084472656,23.290000915527344,61946100
2018-12-14,6.10990571975708,23.049999237060547,23.329999923706055,22.959999084472656,23.079999923706055,45231700
2018-12-17,6.062191963195801,22.8700008392334,23.270000457763672,22.799999237060547,23.219999313354492,53832000
2018-12-18,5.831580638885498,22.0,22.799999237060547,22.0,22.780000686645508,74740000
2018-12-19,5.897846221923828,22.25,23.049999237060547,22.059999465942383,22.5,171157500
2018-12-20,5.696393966674805,21.489999771118164,22.31999969482422,21.350000381469727,22.309999465942383,141767000
2018-12-21,5.712298393249512,21.549999237060547,21.979999542236328,21.25,21.399999618530273,90384300
2018-12-26,5.9444169998168945,21.68000030517578,21.68000030517578,20.420000076293945,20.59000015258789,77104200
2018-12-27,5.94167423248291,21.670000076293945,21.979999542236328,21.280000686645508,21.520000457763672,74083700
2018-12-28,6.218604564666748,22.68000030517578,22.829999923706055,22.079999923706055,22.110000610351562,61634700
2019-01-02,6.59698486328125,24.059999465942383,24.200000762939453,22.280000686645508,22.549999237060547,104534800
2019-01-03,6.758756637573242,24.649999618530273,24.81999969482422,23.799999237060547,23.959999084472656,95206400
2019-01-04,6.777951717376709,24.719999313354492,24.940000534057617,24.469999313354492,24.850000381469727,72119800
2019-01-07,6.884886264801025,25.110000610351562,25.920000076293945,24.700000762939453,24.850000381469727,121711900
2019-01-08,6.84375524520874,24.959999084472656,25.420000076293945,24.770000457763672,25.399999618530273,68761800
2019-01-09,6.986334323883057,25.479999542236328,25.5,25.149999618530273,25.299999237060547,70177600
2019-01-10,6.926011562347412,25.260000228881836,25.40999984741211,25.06999969482422,25.260000228881836,54763700
2019-01-11,6.851982116699219,24.989999771118164,25.190000534057617,24.84000015258789,25.149999618530273,53980700
2019-01-14,6.813596725463867,24.850000381469727,25.09000015258789,24.65999984741211,24.81999969482422,46577300
2019-01-15,6.808109283447266,24.829999923706055,25.1200008392334,24.700000762939453,24.829999923706055,53731500
2019-01-16,6.8053693771362305,24.81999969482422,24.899999618530273,24.65999984741211,24.799999237060547,40425000
2019-01-17,6.898593425750732,25.15999984741211,25.299999237060547,24.68000030517578,24.75,50359400
2019-01-18,6.964398384094238,25.399999618530273,25.559999465942383,25.280000686645508,25.440000534057617,67021300
2019-01-21,7.00004243850708,25.530000686645508,25.530000686645508,25.100000381469727,25.309999465942383,45336500
2019-01-22,6.8903679847717285,25.1299991607666,25.5,25.020000457763672,25.260000228881836,61307000
2019-01-23,6.972623348236084,25.43000030517578,25.540000915527344,25.15999984741211,25.329999923706055,52931600
2019-01-24,7.002785682678223,25.540000915527344,25.540000915527344,25.31999969482422,25.399999618530273,40109000
2019-01-28,6.791661739349365,24.770000457763672,25.530000686645508,24.739999771118164,25.290000915527344,65079900
2019-01-29,6.956173896789551,25.3700008392334,25.559999465942383,25.110000610351562,25.25,59419200
2019-01-30,7.024720668792725,25.6200008392334,25.93000030517578,25.469999313354492,25.809999465942383,62607500
2019-01-31,7.01375150680542,25.579999923706055,25.959999084472656,25.559999465942383,25.8700008392334,63253600
2019-02-01,7.074075698852539,25.799999237060547,25.850000381469727,25.3700008392334,25.5,47957400
2019-02-04,7.1371378898620605,26.030000686645508,26.1200008392334,25.600000381469727,25.84000015258789,53874900
2019-02-05,7.150847434997559,26.079999923706055,26.100000381469727,25.809999465942383,25.90999984741211,40989100
2019-02-06,6.989075660705566,25.489999771118164,25.84000015258789,25.31999969482422,25.799999237060547,64527000
2019-02-07,6.87939977645874,25.09000015258789,25.850000381469727,24.65999984741211,25.600000381469727,55614100
2019-02-08,6.8903679847717285,25.1299991607666,25.280000686645508,24.729999542236328,24.799999237060547,40153900
2019-02-11,6.810853481292725,24.84000015258789,25.170000076293945,24.540000915527344,25.170000076293945,39617300
2019-02-12,7.052139759063721,25.719999313354492,25.850000381469727,25.229999542236328,25.31999969482422,72467200
2019-02-13,7.142621040344238,26.049999237060547,26.209999084472656,25.850000381469727,26.020000457763672,69042200
2019-02-14,7.389392375946045,26.950000762939453,26.950000762939453,26.0,26.170000076293945,81125500
2019-02-15,7.359230041503906,26.84000015258789,27.020000457763672,26.709999084472656,26.860000610351562,63841800
2019-02-18,7.337295055389404,26.760000228881836,26.790000915527344,26.40999984741211,26.59000015258789,43379000
2019-02-19,7.507291793823242,27.3799991607666,27.399999618530273,26.84000015258789,26.860000610351562,58041900
2019-02-20,7.414069652557373,27.040000915527344,27.65999984741211,26.8700008392334,27.5,55114500
2019-02-21,7.512777805328369,27.399999618530273,27.489999771118164,26.81999969482422,27.18000030517578,46559400
2019-02-22,7.438745975494385,27.1299991607666,27.700000762939453,27.1299991607666,27.549999237060547,36602000
2019-02-25,7.320845127105713,26.700000762939453,27.030000686645508,26.6299991607666,27.0,54190800
2019-02-26,7.287940502166748,26.579999923706055,27.139999389648438,26.56999969482422,26.760000228881836,46504200
2019-02-27,7.42503547668457,27.079999923706055,27.25,26.6299991607666,26.84000015258789,49131400
2019-02-28,7.419553756713867,27.059999465942383,27.75,26.600000381469727,27.719999313354492,93065100
2019-03-01,7.320845127105713,26.700000762939453,27.25,26.6299991607666,27.139999389648438,41978700
2019-03-06,7.337295055389404,26.760000228881836,26.760000228881836,26.469999313354492,26.549999237060547,18423400
2019-03-07,7.3400373458862305,26.770000457763672,26.90999984741211,26.489999771118164,26.799999237060547,32835300
2019-03-08,7.312618732452393,26.670000076293945,26.75,26.219999313354492,26.489999771118164,49564400
2019-03-11,7.608743667602539,27.75,27.780000686645508,27.010000228881836,27.020000457763672,66742800
2019-03-12,7.540195941925049,27.5,27.959999084472656,27.25,27.790000915527344,64287300
2019-03-13,7.704709529876709,28.100000381469727,28.1299991607666,27.520000457763672,27.59000015258789,61057200
2019-03-14,7.729386806488037,28.190000534057617,28.200000762939453,27.90999984741211,28.149999618530273,42777800
2019-03-15,7.7458367347717285,28.25,28.389999389648438,28.110000610351562,28.15999984741211,61041100
2019-03-18,7.880191326141357,28.739999771118164,28.790000915527344,28.260000228881836,28.350000381469727,91920600
2019-03-19,8.006315231323242,29.200000762939453,29.5,28.600000381469727,28.850000381469727,69423600
2019-03-20,7.9432525634765625,28.969999313354492,29.600000381469727,28.899999618530273,29.200000762939453,68878000
2019-03-21,7.830835819244385,28.559999465942383,28.969999313354492,27.920000076293945,28.84000015258789,80121300
2019-03-22,7.403100490570068,27.0,28.139999389648438,27.0,27.940000534057617,104731100
2019-03-25,7.496324062347412,27.34000015258789,27.59000015258789,26.81999969482422,26.829999923706055,104772900
2019-03-26,7.850028038024902,28.6299991607666,28.68000030517578,27.719999313354492,27.739999771118164,91549100
2019-03-27,7.496324062347412,27.34000015258789,28.209999084472656,27.34000015258789,28.209999084472656,66415400
2019-03-28,7.693741798400879,28.059999465942383,28.059999465942383,26.950000762939453,27.25,69412700
2019-03-29,7.693741798400879,28.059999465942383,28.530000686645508,27.739999771118164,28.450000762939453,51587400
2019-04-01,7.6772894859313965,28.0,28.420000076293945,27.8700008392334,28.399999618530273,42289800
2019-04-02,7.756805896759033,28.290000915527344,28.299999237060547,27.860000610351562,28.139999389648438,38460600
2019-04-03,7.551163673400879,27.540000915527344,28.559999465942383,27.540000915527344,28.530000686645508,55120900
2019-04-04,7.8061604499816895,28.469999313354492,28.469999313354492,27.3700008392334,27.770000457763672,52248100
2019-04-05,7.891156196594238,28.780000686645508,28.889999389648438,28.209999084472656,28.540000915527344,54708900
2019-04-08,8.020026206970215,29.25,29.389999389648438,28.979999542236328,29.059999465942383,55270000
2019-04-09,7.9953484535217285,29.15999984741211,29.239999771118164,28.670000076293945,29.030000686645508,43863700
2019-04-10,7.891156196594238,28.780000686645508,29.56999969482422,28.780000686645508,29.549999237060547,62005200
2019-04-11,7.6772894859313965,28.0,28.700000762939453,27.8700008392334,28.700000762939453,56126400
2019-04-12,7.082300662994385,25.829999923706055,26.969999313354492,25.56999969482422,26.469999313354492,227307600
2019-04-15,7.109719753265381,25.93000030517578,26.579999923706055,25.549999237060547,26.350000381469727,117567200
2019-04-16,7.326327323913574,26.719999313354492,27.059999465942383,25.6299991607666,25.950000762939453,95149300
2019-04-17,7.334554672241211,26.75,27.34000015258789,26.219999313354492,27.1200008392334,103988400
2019-04-18,7.56761360168457,27.600000381469727,27.889999389648438,27.25,27.360000610351562,100942100
2019-04-22,7.523744583129883,27.440000534057617,27.889999389648438,27.31999969482422,27.690000534057617,45321900
2019-04-23,7.589550495147705,27.68000030517578,28.0,27.68000030517578,27.719999313354492,52199500
2019-04-24,7.56761360168457,27.600000381469727,27.889999389648438,27.209999084472656,27.719999313354492,57704700
2019-04-25,7.622451305389404,27.799999237060547,28.06999969482422,27.43000030517578,27.450000762939453,55201700
2019-04-26,7.476891994476318,27.25,27.770000457763672,27.059999465942383,27.68000030517578,52616600
2019-04-29,7.509815692901611,27.3700008392334,27.6200008392334,27.34000015258789,27.549999237060547,27689800
2019-04-30,7.438478469848633,27.110000610351562,27.65999984741211,26.979999542236328,27.520000457763672,39570700
2019-05-02,7.334212303161621,26.729999542236328,26.81999969482422,26.520000457763672,26.799999237060547,37820300
2019-05-03,7.367138862609863,26.850000381469727,27.06999969482422,26.850000381469727,26.899999618530273,33334800
2019-05-06,7.345189571380615,26.770000457763672,26.770000457763672,26.360000610351562,26.389999389648438,31715900
2019-05-07,7.229947090148926,26.350000381469727,26.65999984741211,26.1200008392334,26.649999618530273,52454400
2019-05-08,7.509815692901611,27.3700008392334,27.469999313354492,26.290000915527344,26.309999465942383,71780300
2019-05-09,7.361650466918945,26.829999923706055,27.1200008392334,26.639999389648438,27.100000381469727,46663300
2019-05-10,7.320494174957275,26.68000030517578,26.920000076293945,26.420000076293945,26.8700008392334,33336000
2019-05-13,7.1064772605896,25.899999618530273,26.469999313354492,25.81999969482422,26.209999084472656,43146100
2019-05-14,7.133915424346924,26.0,26.229999542236328,25.850000381469727,26.170000076293945,34968600
2019-05-15,7.10098934173584,25.8799991607666,25.889999389648438,25.65999984741211,25.739999771118164,37053900
2019-05-16,6.9336161613464355,25.270000457763672,26.040000915527344,25.239999771118164,25.770000457763672,46502200
2019-05-17,6.771731376647949,24.68000030517578,25.420000076293945,24.469999313354492,25.049999237060547,67291200
2019-05-20,7.002213478088379,25.520000457763672,25.520000457763672,24.639999389648438,24.68000030517578,54472000
2019-05-21,7.268360614776611,26.489999771118164,26.489999771118164,25.420000076293945,25.700000762939453,57846700
2019-05-22,7.240821361541748,26.290000915527344,26.469999313354492,25.959999084472656,26.34000015258789,48439300
2019-05-23,7.116880416870117,25.84000015258789,25.920000076293945,25.520000457763672,25.899999618530273,49527400
2019-05-24,7.185735702514648,26.09000015258789,26.360000610351562,25.93000030517578,26.149999618530273,35915100
2019-05-27,7.227049827575684,26.239999771118164,26.540000915527344,26.170000076293945,26.299999237060547,33892000
2019-05-28,7.381285190582275,26.799999237060547,26.799999237060547,26.1299991607666,26.1299991607666,60774600
2019-05-29,7.298659324645996,26.5,26.709999084472656,26.260000228881836,26.489999771118164,43124400
2019-05-30,7.202261447906494,26.149999618530273,26.860000610351562,25.989999771118164,26.510000228881836,71847200
2019-05-31,7.037009239196777,25.549999237060547,26.270000457763672,25.420000076293945,25.790000915527344,63137200
2019-06-03,7.158194065093994,25.989999771118164,26.31999969482422,25.850000381469727,25.8799991607666,53470600
2019-06-04,7.216032981872559,26.200000762939453,26.3700008392334,26.030000686645508,26.290000915527344,37331100
2019-06-05,7.12238883972168,25.860000610351562,26.290000915527344,25.559999465942383,26.18000030517578,65282100
2019-06-06,7.238065719604492,26.280000686645508,26.6299991607666,25.719999313354492,26.170000076293945,87836900
2019-06-07,7.370266437530518,26.760000228881836,26.829999923706055,26.3700008392334,26.690000534057617,52235500
2019-06-10,7.339970111846924,26.649999618530273,26.889999389648438,26.520000457763672,26.600000381469727,39666800
2019-06-11,7.4804368019104,27.15999984741211,27.290000915527344,26.709999084472656,26.889999389648438,52437000
2019-06-12,7.395054817199707,26.850000381469727,27.1200008392334,26.639999389648438,27.020000457763672,43392200
2019-06-13,7.4859442710876465,27.18000030517578,27.389999389648438,27.079999923706055,27.149999618530273,48981600
2019-06-14,7.452894687652588,27.059999465942383,27.25,26.899999618530273,27.200000762939453,42802400
2019-06-17,7.466666221618652,27.110000610351562,27.43000030517578,26.959999084472656,27.079999923706055,49290000
2019-06-18,7.560310363769531,27.450000762939453,27.520000457763672,27.25,27.299999237060547,31332800
2019-06-19,7.579587936401367,27.520000457763672,27.59000015258789,27.219999313354492,27.350000381469727,33286300
2019-06-21,7.788906574249268,28.280000686645508,28.389999389648438,27.950000762939453,27.950000762939453,58424700
2019-06-24,7.780644416809082,28.25,28.3799991607666,28.1200008392334,28.31999969482422,27365000
2019-06-25,7.576832294464111,27.510000228881836,28.15999984741211,27.3799991607666,28.139999389648438,56472100
2019-06-26,7.620900630950928,27.670000076293945,27.93000030517578,27.520000457763672,27.549999237060547,48901500
2019-06-27,7.499716758728027,27.229999542236328,27.549999237060547,27.010000228881836,27.440000534057617,55219200
2019-06-28,7.549290180206299,27.40999984741211,27.610000610351562,27.110000610351562,27.450000762939453,40262000
2019-07-01,7.507979393005371,27.260000228881836,28.030000686645508,27.209999084472656,27.84000015258789,46759100
2019-07-02,7.38679313659668,26.81999969482422,27.260000228881836,26.649999618530273,27.260000228881836,57954200
2019-07-03,7.4859442710876465,27.18000030517578,27.200000762939453,26.889999389648438,27.040000915527344,29291800
2019-07-04,7.543782711029053,27.389999389648438,27.579999923706055,27.31999969482422,27.3799991607666,28577400
2019-07-05,7.546536922454834,27.399999618530273,27.59000015258789,27.1299991607666,27.270000457763672,27414700
2019-07-08,7.615390777587891,27.649999618530273,27.719999313354492,27.440000534057617,27.5,25318200
2019-07-10,7.731070041656494,28.06999969482422,28.270000457763672,27.969999313354492,28.0,50715800
2019-07-11,7.821960926055908,28.399999618530273,28.510000228881836,28.15999984741211,28.200000762939453,48206900
2019-07-12,7.857761859893799,28.530000686645508,28.739999771118164,28.40999984741211,28.540000915527344,40908900
2019-07-15,7.76136589050293,28.18000030517578,28.649999618530273,28.18000030517578,28.59000015258789,36592400
2019-07-16,7.6649675369262695,27.829999923706055,28.329999923706055,27.600000381469727,28.280000686645508,54789300
2019-07-17,7.623656272888184,27.68000030517578,28.0,27.639999389648438,27.989999771118164,28923500
2019-07-18,7.576832294464111,27.510000228881836,27.809999465942383,27.43000030517578,27.760000228881836,35830700
2019-07-19,7.557552814483643,27.440000534057617,27.600000381469727,27.3700008392334,27.5,28418900
2019-07-22,7.571324348449707,27.489999771118164,27.75,27.360000610351562,27.6200008392334,22304400
2019-07-23,7.579587936401367,27.520000457763672,27.6299991607666,27.399999618530273,27.510000228881836,21124400
2019-07-24,7.532766342163086,27.350000381469727,27.639999389648438,27.299999237060547,27.59000015258789,27939600
2019-07-25,7.406073570251465,26.889999389648438,27.5,26.809999465942383,27.469999313354492,26892300
2019-07-26,7.199505805969238,26.139999389648438,26.799999237060547,26.100000381469727,26.799999237060547,75644000
2019-07-29,7.2656073570251465,26.3799991607666,26.440000534057617,25.959999084472656,26.219999313354492,26493300
2019-07-30,7.227049827575684,26.239999771118164,26.489999771118164,26.18000030517578,26.350000381469727,38201600
2019-07-31,7.182980060577393,26.079999923706055,26.5,26.020000457763672,26.389999389648438,39890200
2019-08-01,7.229804039001465,26.25,26.559999465942383,25.15999984741211,26.299999237060547,91345800
2019-08-02,7.3041672706604,26.520000457763672,26.889999389648438,26.280000686645508,26.3700008392334,64112900
2019-08-05,7.037009239196777,25.549999237060547,26.1299991607666,25.520000457763672,25.799999237060547,48277000
2019-08-06,7.127896785736084,25.8799991607666,26.219999313354492,25.68000030517578,25.899999618530273,44208100
2019-08-07,7.05078125,25.600000381469727,25.729999542236328,25.0,25.440000534057617,67698500
2019-08-08,7.257344722747803,26.350000381469727,26.350000381469727,25.860000610351562,26.100000381469727,50256700
2019-08-09,7.238065719604492,26.280000686645508,26.690000534057617,26.100000381469727,26.299999237060547,36641500
2019-08-12,7.064550876617432,25.649999618530273,25.920000076293945,25.540000915527344,25.920000076293945,36122000
2019-08-13,7.158928394317627,25.790000915527344,26.1299991607666,25.229999542236328,25.360000610351562,45330500
2019-08-14,6.9174299240112305,24.920000076293945,25.3799991607666,24.780000686645508,25.260000228881836,54401100
2019-08-15,6.725896835327148,24.229999542236328,25.0,24.139999389648438,24.989999771118164,53894500
2019-08-16,6.637068748474121,23.90999984741211,24.770000457763672,23.889999389648438,24.719999313354492,56782000
2019-08-19,6.670379161834717,24.030000686645508,24.5,23.850000381469727,24.299999237060547,50699300
2019-08-20,6.667603492736816,24.020000457763672,24.190000534057617,23.68000030517578,23.90999984741211,37141700
2019-08-21,7.064550876617432,25.450000762939453,25.989999771118164,24.18000030517578,24.350000381469727,87840800
2019-08-22,7.000706195831299,25.219999313354492,25.719999313354492,25.15999984741211,25.5,40808800
2019-08-23,6.73977518081665,24.280000686645508,25.3700008392334,24.229999542236328,24.780000686645508,58032300
2019-08-26,6.650946617126465,23.959999084472656,24.68000030517578,23.770000457763672,24.579999923706055,39688800
2019-08-27,6.756431579589844,24.34000015258789,24.81999969482422,23.809999465942383,24.170000076293945,70475200
2019-08-28,6.825826644897461,24.59000015258789,24.700000762939453,24.1200008392334,24.200000762939453,41981500
2019-08-29,7.078429222106934,25.5,25.5,24.68000030517578,24.899999618530273,61008800
2019-08-30,7.078429222106934,25.5,25.690000534057617,25.170000076293945,25.530000686645508,54958200
2019-09-02,7.022912502288818,25.299999237060547,25.579999923706055,25.25,25.389999389648438,19049900
2019-09-03,7.10618782043457,25.600000381469727,25.65999984741211,25.030000686645508,25.110000610351562,47829600
2019-09-04,7.289394855499268,26.260000228881836,26.3700008392334,26.0,26.15999984741211,56179000
2019-09-05,7.325480937957764,26.389999389648438,26.790000915527344,26.34000015258789,26.600000381469727,48586800
2019-09-06,7.361565589904785,26.520000457763672,26.860000610351562,26.200000762939453,26.399999618530273,48502200
2019-09-09,7.475376605987549,26.93000030517578,27.020000457763672,26.700000762939453,26.75,37303000
2019-09-10,7.5225653648376465,27.100000381469727,27.350000381469727,26.780000686645508,27.049999237060547,44109400
2019-09-11,7.458720684051514,26.8700008392334,27.350000381469727,26.829999923706055,27.350000381469727,51540400
2019-09-12,7.511462688446045,27.059999465942383,27.139999389648438,26.639999389648438,26.860000610351562,41028300
2019-09-13,7.461496829986572,26.8799991607666,27.200000762939453,26.81999969482422,27.1200008392334,24709400
2019-09-16,7.789048194885254,28.059999465942383,28.239999771118164,27.690000534057617,28.1200008392334,167634600
2019-09-17,7.686342716217041,27.690000534057617,27.75,27.15999984741211,27.65999984741211,67414800
2019-09-18,7.5558762550354,27.219999313354492,27.489999771118164,27.219999313354492,27.3700008392334,40567100
2019-09-19,7.575307846069336,27.290000915527344,27.850000381469727,27.219999313354492,27.829999923706055,42155100
2019-09-20,7.494808673858643,27.0,27.43000030517578,27.0,27.350000381469727,51946900
2019-09-23,7.628048419952393,27.479999542236328,27.489999771118164,26.920000076293945,27.0,32643100
2019-09-24,7.569756507873535,27.270000457763672,27.540000915527344,27.149999618530273,27.420000076293945,36643400
2019-09-25,7.58918571472168,27.34000015258789,27.350000381469727,26.780000686645508,27.030000686645508,29038400
2019-09-26,7.689117908477783,27.700000762939453,27.700000762939453,27.229999542236328,27.399999618530273,33705900
2019-09-27,7.678013324737549,27.65999984741211,27.950000762939453,27.520000457763672,27.549999237060547,31886800
2019-09-30,7.64747953414917,27.549999237060547,27.639999389648438,27.399999618530273,27.559999465942383,23143400
2019-10-01,7.636376857757568,27.510000228881836,27.729999542236328,27.360000610351562,27.600000381469727,32423200
2019-10-02,7.417084217071533,26.719999313354492,27.260000228881836,26.610000610351562,27.219999313354492,51261200
2019-10-03,7.422635555267334,26.739999771118164,26.809999465942383,26.280000686645508,26.75,46076300
2019-10-04,7.358792304992676,26.510000228881836,26.920000076293945,26.270000457763672,26.850000381469727,47951600
2019-10-07,7.264411926269531,26.170000076293945,26.600000381469727,26.100000381469727,26.3700008392334,26252500
2019-10-08,7.222773551940918,26.020000457763672,26.440000534057617,25.950000762939453,26.170000076293945,30418900
2019-10-09,7.361565589904785,26.520000457763672,26.709999084472656,26.149999618530273,26.350000381469727,35141400
2019-10-10,7.422635555267334,26.739999771118164,26.8799991607666,26.540000915527344,26.59000015258789,31056500
2019-10-11,7.56697940826416,27.260000228881836,27.360000610351562,26.93000030517578,26.93000030517578,37055300
2019-10-14,7.58085823059082,27.309999465942383,27.329999923706055,26.940000534057617,27.040000915527344,20809900
2019-10-15,7.661358833312988,27.600000381469727,27.8799991607666,27.309999465942383,27.309999465942383,30455300
2019-10-16,7.752962112426758,27.93000030517578,27.969999313354492,27.360000610351562,27.549999237060547,31381300
2019-10-17,7.678013324737549,27.65999984741211,28.0,27.59000015258789,27.93000030517578,31405400
2019-10-18,7.661358833312988,27.600000381469727,27.989999771118164,27.600000381469727,27.889999389648438,36070900
2019-10-21,7.708549499511719,27.770000457763672,27.809999465942383,27.600000381469727,27.75,43337700
2019-10-22,7.93061637878418,28.56999969482422,28.68000030517578,27.770000457763672,27.799999237060547,64228700
2019-10-23,8.03609848022461,28.950000762939453,29.079999923706055,28.450000762939453,28.530000686645508,45930600
2019-10-24,7.861220836639404,28.31999969482422,29.25,28.229999542236328,29.149999618530273,60529900
2019-10-25,8.119376182556152,29.25,29.549999237060547,29.010000228881836,29.200000762939453,74476900
2019-10-28,8.216529846191406,29.600000381469727,29.65999984741211,29.1200008392334,29.219999313354492,37461800
2019-10-29,8.277599334716797,29.81999969482422,29.940000534057617,29.260000228881836,29.399999618530273,49994200
2019-10-30,8.349770545959473,30.079999923706055,30.09000015258789,29.469999313354492,29.770000457763672,63001200
2019-10-31,8.435822486877441,30.389999389648438,30.459999084472656,29.639999389648438,29.860000610351562,67070400
2019-11-01,8.44692611694336,30.43000030517578,31.229999542236328,29.84000015258789,30.59000015258789,101210200
2019-11-04,8.427494049072266,30.360000610351562,31.219999313354492,29.959999084472656,30.889999389648438,81023400
2019-11-05,8.2304105758667,29.649999618530273,30.600000381469727,29.579999923706055,30.40999984741211,92980900
2019-11-06,8.247063636779785,29.709999084472656,30.700000762939453,28.100000381469727,30.049999237060547,154003100
2019-11-07,8.57738971710205,30.899999618530273,31.06999969482422,29.540000915527344,30.0,96329000
2019-11-08,8.33311653137207,30.020000457763672,30.790000915527344,29.93000030517578,30.450000762939453,61567700
2019-11-11,8.452478408813477,30.450000762939453,30.450000762939453,29.790000915527344,29.850000381469727,30570500
2019-11-12,8.388467788696289,30.020000457763672,30.610000610351562,30.010000228881836,30.040000915527344,41655600
2019-11-13,8.354936599731445,29.899999618530273,30.1299991607666,29.610000610351562,29.950000762939453,41827700
2019-11-14,8.187277793884277,29.299999237060547,30.100000381469727,29.270000457763672,29.8799991607666,44595200
2019-11-18,8.12580394744873,29.079999923706055,29.850000381469727,29.06999969482422,29.700000762939453,54468100
2019-11-19,8.041975021362305,28.780000686645508,29.489999771118164,28.729999542236328,29.25,33740200
2019-11-21,8.340964317321777,29.850000381469727,29.850000381469727,28.8799991607666,28.93000030517578,53033100
2019-11-22,8.377290725708008,29.979999542236328,30.34000015258789,29.559999465942383,29.760000228881836,34786000
2019-11-25,8.30743408203125,29.729999542236328,30.100000381469727,29.6299991607666,29.920000076293945,29868400
2019-11-26,8.156540870666504,29.190000534057617,29.729999542236328,29.100000381469727,29.6200008392334,54147800
2019-11-27,8.195661544799805,29.329999923706055,29.649999618530273,29.139999389648438,29.350000381469727,33072500
2019-11-28,8.251545906066895,29.530000686645508,29.540000915527344,28.809999465942383,29.31999969482422,46602800
2019-11-29,8.14536190032959,29.149999618530273,29.559999465942383,29.010000228881836,29.489999771118164,37699000
2019-12-02,8.123008728027344,29.06999969482422,29.5,29.06999969482422,29.399999618530273,31353600
2019-12-03,8.097861289978027,28.979999542236328,29.190000534057617,28.729999542236328,29.170000076293945,29194000
2019-12-04,8.287873268127441,29.65999984741211,29.65999984741211,29.110000610351562,29.260000228881836,44960000
2019-12-05,8.396851539611816,30.049999237060547,30.389999389648438,29.520000457763672,29.639999389648438,50447000
2019-12-06,8.480679512023926,30.350000381469727,30.59000015258789,30.1299991607666,30.149999618530273,44348600
2019-12-09,8.441558837890625,30.209999084472656,30.479999542236328,30.1200008392334,30.299999237060547,34694100
2019-12-10,8.505827903747559,30.440000534057617,30.440000534057617,29.899999618530273,30.100000381469727,27532700
2019-12-11,8.494649887084961,30.399999618530273,30.709999084472656,30.260000228881836,30.510000228881836,38458300
2019-12-12,8.653923988342285,30.969999313354492,31.049999237060547,30.479999542236328,30.639999389648438,47797800
2019-12-13,8.377290725708008,29.979999542236328,30.969999313354492,29.8700008392334,30.889999389648438,105004400
2019-12-16,8.218016624450684,29.40999984741211,30.170000076293945,29.40999984741211,30.049999237060547,68871000
2019-12-17,8.340964317321777,29.850000381469727,29.899999618530273,29.43000030517578,29.639999389648438,40679900
2019-12-18,8.533771514892578,30.540000915527344,30.56999969482422,29.700000762939453,29.75,64201600
2019-12-19,8.553330421447754,30.610000610351562,30.75,30.420000076293945,30.450000762939453,39696000
2019-12-20,8.455530166625977,30.260000228881836,30.600000381469727,30.020000457763672,30.600000381469727,93064900
2019-12-23,8.52259349822998,30.5,30.5,30.030000686645508,30.190000534057617,21970200
2019-12-26,8.63715934753418,30.90999984741211,30.93000030517578,30.5,30.59000015258789,24810500
2019-12-27,8.646206855773926,30.520000457763672,30.920000076293945,30.290000915527344,30.690000534057617,24995100
2019-12-30,8.549887657165527,30.18000030517578,30.709999084472656,30.149999618530273,30.549999237060547,22111600
2020-01-02,8.697203636169434,30.700000762939453,30.700000762939453,30.309999465942383,30.510000228881836,37774500
2020-01-03,8.626378059387207,30.450000762939453,31.239999771118164,30.450000762939453,30.8799991607666,71595600
2020-01-06,8.728363990783691,30.809999465942383,30.940000534057617,29.950000762939453,30.43000030517578,81844000
2020-01-07,8.694368362426758,30.690000534057617,30.8799991607666,30.469999313354492,30.81999969482422,32822000
2020-01-08,8.640542030334473,30.5,30.770000457763672,30.239999771118164,30.690000534057617,48215600
2020-01-09,8.612213134765625,30.399999618530273,30.6200008392334,30.25,30.469999313354492,36102700
2020-01-10,8.575382232666016,30.270000457763672,30.440000534057617,30.1299991607666,30.389999389648438,25397500
2020-01-13,8.592382431030273,30.329999923706055,30.43000030517578,30.209999084472656,30.350000381469727,30676800
2020-01-14,8.498894691467285,30.0,30.270000457763672,29.770000457763672,30.229999542236328,39796500
2020-01-15,8.371410369873047,29.549999237060547,29.93000030517578,29.540000915527344,29.899999618530273,34405700
2020-01-16,8.362910270690918,29.520000457763672,29.700000762939453,29.329999923706055,29.600000381469727,28997400
2020-01-17,8.456399917602539,29.850000381469727,29.850000381469727,29.540000915527344,29.719999313354492,34908000
2020-01-20,8.498894691467285,30.0,30.100000381469727,29.649999618530273,29.700000762939453,31241400
2020-01-21,8.391242027282715,29.6200008392334,29.940000534057617,29.549999237060547,29.799999237060547,28577400
2020-01-22,8.297754287719727,29.290000915527344,29.809999465942383,29.270000457763672,29.729999542236328,32491500
2020-01-23,8.399742126464844,29.649999618530273,29.760000228881836,28.81999969482422,29.09000015258789,53752100
2020-01-24,8.300586700439453,29.299999237060547,29.780000686645508,29.139999389648438,29.559999465942383,36898700
2020-01-27,7.940800189971924,28.030000686645508,28.639999389648438,27.670000076293945,28.6299991607666,66105300
2020-01-28,8.15893840789795,28.799999237060547,29.139999389648438,28.420000076293945,28.43000030517578,47259100
2020-01-29,8.173101425170898,28.850000381469727,29.079999923706055,28.670000076293945,29.0,42297500
2020-01-30,8.198598861694336,28.940000534057617,29.040000915527344,28.18000030517578,28.280000686645508,44266800
2020-01-31,8.059784889221191,28.450000762939453,28.84000015258789,28.309999465942383,28.6299991607666,55446700
2020-02-03,7.9832940101623535,28.18000030517578,28.729999542236328,28.15999984741211,28.520000457763672,39452800
2020-02-04,8.110777854919434,28.6299991607666,29.040000915527344,28.559999465942383,28.649999618530273,57658400
2020-02-05,8.042787551879883,28.389999389648438,29.219999313354492,28.389999389648438,29.049999237060547,67994500
2020-02-06,8.26659107208252,29.18000030517578,29.510000228881836,28.1200008392334,28.700000762939453,126114000
2020-02-07,8.195767402648926,28.93000030517578,29.350000381469727,28.729999542236328,29.0,54514600
2020-02-10,8.252425193786621,29.1299991607666,29.1299991607666,28.639999389648438,28.889999389648438,45328100
2020-02-11,8.351580619812012,29.479999542236328,29.6299991607666,29.260000228881836,29.399999618530273,37518200
2020-02-12,8.535723686218262,30.1299991607666,30.280000686645508,29.6299991607666,29.639999389648438,64851000
2020-02-13,8.419570922851562,29.719999313354492,30.209999084472656,29.639999389648438,29.770000457763672,55277100
2020-02-14,8.334582328796387,29.420000076293945,29.959999084472656,29.34000015258789,29.860000610351562,30399900
2020-02-17,8.317584037780762,29.360000610351562,29.770000457763672,29.309999465942383,29.6299991607666,38684900
2020-02-18,8.428070068359375,29.75,29.770000457763672,28.950000762939453,29.059999465942383,33890900
2020-02-19,8.654704093933105,30.549999237060547,30.549999237060547,29.760000228881836,29.8700008392334,44181800
2020-02-20,8.47623062133789,29.920000076293945,30.889999389648438,29.75,30.799999237060547,73522900
2020-02-21,8.255257606506348,29.139999389648438,29.68000030517578,29.030000686645508,29.510000228881836,47805100
2020-02-26,7.42519998550415,26.209999084472656,27.389999389648438,26.030000686645508,27.040000915527344,89207100
2020-02-27,7.167401313781738,25.299999237060547,26.530000686645508,24.889999389648438,25.719999313354492,100112100
2020-02-28,7.178732872009277,25.34000015258789,25.559999465942383,24.6200008392334,25.15999984741211,89095300
2020-03-02,7.51585578918457,26.530000686645508,26.75,25.479999542236328,25.5,71596400
2020-03-03,7.3798723220825195,26.049999237060547,27.479999542236328,25.760000228881836,26.56999969482422,86855700
2020-03-04,7.617842674255371,26.889999389648438,26.940000534057617,26.239999771118164,26.90999984741211,42320500
2020-03-05,7.164567947387695,25.290000915527344,26.670000076293945,24.709999084472656,26.329999923706055,69722300
2020-03-06,6.4676594734191895,22.829999923706055,24.1299991607666,22.549999237060547,24.100000381469727,138597600
2020-03-09,4.546907901763916,16.049999237060547,18.229999542236328,15.40999984741211,17.809999465942383,254813800
2020-03-10,4.974686145782471,17.559999465942383,18.649999618530273,16.3700008392334,18.649999618530273,170478000
2020-03-11,4.490249156951904,15.850000381469727,17.1299991607666,15.0,16.700000762939453,132482400
2020-03-12,3.569535493850708,12.600000381469727,13.859999656677246,11.079999923706055,13.65999984741211,151535900
2020-03-13,4.362764835357666,15.399999618530273,15.399999618530273,12.699999809265137,15.100000381469727,174972600
2020-03-16,3.7083511352539062,13.09000015258789,14.100000381469727,12.550000190734863,12.90999984741211,126432800
2020-03-17,3.682853937149048,13.0,13.84000015258789,13.0,13.600000381469727,149228500
2020-03-18,3.1984169483184814,11.289999961853027,12.270000457763672,10.869999885559082,11.789999961853027,162515200
2020-03-19,3.459049940109253,12.210000038146973,13.069999694824219,10.850000381469727,11.069999694824219,157065200
2020-03-20,3.3995590209960938,12.0,13.5,11.829999923706055,13.109999656677246,149029900
2020-03-23,3.2579092979431152,11.5,12.180000305175781,11.279999732971191,12.109999656677246,107092400
2020-03-24,3.7536780834198,13.25,13.539999961853027,12.279999732971191,12.569999694824219,114259200
2020-03-25,4.056805610656738,14.319999694824219,14.789999961853027,12.829999923706055,13.239999771118164,158286200
2020-03-26,4.07663631439209,14.390000343322754,15.1899995803833,13.8100004196167,14.399999618530273,130618400
2020-03-27,3.7678427696228027,13.300000190734863,13.6899995803833,13.25,13.300000190734863,101405900
2020-03-30,3.790506362915039,13.380000114440918,13.739999771118164,12.829999923706055,13.149999618530273,110947200
2020-03-31,3.963317632675171,13.989999771118164,14.539999961853027,13.600000381469727,13.600000381469727,156116500
2020-04-01,4.051139831542969,14.300000190734863,14.550000190734863,13.319999694824219,13.449999809265137,114455000
2020-04-02,4.393928050994873,15.510000228881836,16.549999237060547,15.010000228881836,15.399999618530273,234951200
2020-04-03,4.345767498016357,15.34000015258789,16.360000610351562,14.930000305175781,16.299999237060547,142898700
2020-04-06,4.467585563659668,15.770000457763672,16.100000381469727,15.180000305175781,16.049999237060547,123934200
2020-04-07,4.646061897277832,16.399999618530273,17.06999969482422,16.34000015258789,16.610000610351562,140498900
2020-04-08,4.9066948890686035,17.31999969482422,17.530000686645508,16.399999618530273,16.5,116151600
2020-04-09,4.7650465965271,16.81999969482422,18.690000534057617,16.5,17.940000534057617,185771300
2020-04-13,4.796209812164307,16.93000030517578,17.09000015258789,16.329999923706055,16.81999969482422,93724000
2020-04-14,4.739550590515137,16.729999542236328,17.299999237060547,16.610000610351562,17.020000457763672,91017200
2020-04-15,4.640395641326904,16.3799991607666,16.469999313354492,15.859999656677246,16.040000915527344,86749600
2020-04-16,4.453420639038086,15.720000267028809,16.760000228881836,15.529999732971191,16.670000076293945,115633300
2020-04-17,4.569571495056152,16.1299991607666,16.1299991607666,15.5600004196167,15.75,116733000
2020-04-20,4.51857852935791,15.949999809265137,16.329999923706055,15.34000015258789,15.479999542236328,133739400
2020-04-22,4.745214939117432,16.75,16.75,15.779999732971191,15.850000381469727,114967100
2020-04-23,4.801875591278076,16.950000762939453,17.43000030517578,16.6200008392334,17.200000762939453,94759000
2020-04-24,4.51857852935791,15.949999809265137,16.790000915527344,15.279999732971191,16.690000534057617,161188800
2020-04-27,4.660226821899414,16.450000762939453,16.530000686645508,15.779999732971191,16.139999389648438,85944900
2020-04-28,4.886864185333252,17.25,17.25,16.6299991607666,17.040000915527344,91613600
2020-04-29,5.155996322631836,18.200000762939453,18.479999542236328,17.530000686645508,17.799999237060547,94528400
2020-04-30,5.11350154876709,18.049999237060547,18.420000076293945,17.700000762939453,17.979999542236328,80263900
2020-05-04,4.923692226409912,17.3799991607666,17.6200008392334,17.18000030517578,17.43000030517578,60268400
2020-05-05,5.082338809967041,17.940000534057617,18.479999542236328,17.8700008392334,17.899999618530273,75043400
2020-05-06,4.8953633308410645,17.280000686645508,18.059999465942383,17.280000686645508,17.8700008392334,67937500
2020-05-07,4.940690040588379,17.440000534057617,17.8700008392334,17.350000381469727,17.75,81265100
2020-05-08,5.2353196144104,18.479999542236328,18.579999923706055,17.709999084472656,17.739999771118164,83232700
2020-05-11,5.141830921173096,18.149999618530273,18.93000030517578,18.110000610351562,18.299999237060547,65061500
2020-05-12,5.138997554779053,18.139999389648438,18.829999923706055,18.1299991607666,18.530000686645508,71837200
2020-05-13,4.983184337615967,17.59000015258789,18.350000381469727,17.520000457763672,18.260000228881836,87222300
2020-05-14,4.92935848236084,17.399999618530273,17.469999313354492,16.719999313354492,17.399999618530273,119653200
2020-05-15,4.858532905578613,17.149999618530273,18.190000534057617,17.149999618530273,17.989999771118164,133733100
2020-05-18,5.252317428588867,18.540000915527344,18.540000915527344,17.920000076293945,18.100000381469727,116999500
2020-05-19,5.291977882385254,18.68000030517578,18.93000030517578,18.40999984741211,18.510000228881836,80131600
2020-05-20,5.467621326446533,19.299999237060547,19.440000534057617,19.059999465942383,19.09000015258789,74595100
2020-05-21,5.436460018157959,19.190000534057617,19.770000457763672,19.06999969482422,19.5,81327000
2020-05-22,5.2891459465026855,18.670000076293945,18.899999618530273,18.350000381469727,18.799999237060547,71259400
2020-05-25,5.518614292144775,19.479999542236328,19.559999465942383,19.260000228881836,19.479999542236328,38033000
2020-05-26,5.572441101074219,19.670000076293945,20.09000015258789,19.329999923706055,19.979999542236328,68716900
2020-05-27,5.64609956741333,19.93000030517578,19.93000030517578,19.149999618530273,19.799999237060547,74790800
2020-05-28,5.600770950317383,19.770000457763672,20.079999923706055,19.450000762939453,19.690000534057617,65023000
2020-05-29,5.76224946975708,20.34000015258789,20.34000015258789,19.299999237060547,19.549999237060547,128832600
2020-06-01,5.759417533874512,20.329999923706055,20.559999465942383,20.0,20.149999618530273,86579500
2020-06-02,6.062544822692871,21.399999618530273,21.399999618530273,20.600000381469727,20.75,77235100
2020-06-03,6.08237361907959,21.469999313354492,21.90999984741211,21.40999984741211,21.860000610351562,86219700
2020-06-04,6.071043491363525,21.43000030517578,21.780000686645508,21.040000915527344,21.389999389648438,107401400
2020-06-05,6.260850429534912,22.100000381469727,23.030000686645508,22.059999465942383,22.290000915527344,114137700
2020-06-08,6.382669448852539,22.530000686645508,22.59000015258789,22.010000228881836,22.549999237060547,82444400
2020-06-09,6.153199195861816,21.719999313354492,22.040000915527344,21.639999389648438,22.030000686645508,96488300
2020-06-10,6.062544822692871,21.399999618530273,21.899999618530273,21.0,21.889999389648438,102551100
2020-06-12,5.835907936096191,20.600000381469727,21.170000076293945,20.100000381469727,20.6200008392334,116746700
2020-06-15,5.864236354827881,20.700000762939453,21.09000015258789,19.540000915527344,19.809999465942383,99931000
2020-06-16,6.054046630859375,21.3700008392334,21.90999984741211,21.170000076293945,21.559999465942383,94510600
2020-06-17,6.073877334594727,21.440000534057617,21.850000381469727,21.149999618530273,21.479999542236328,63268700
2020-06-18,6.119204521179199,21.600000381469727,21.770000457763672,21.079999923706055,21.18000030517578,56893300
2020-06-19,6.08237361907959,21.469999313354492,22.219999313354492,21.219999313354492,22.0,91139800
2020-06-22,5.935061454772949,20.950000762939453,21.600000381469727,20.899999618530273,21.600000381469727,45419000
2020-06-23,6.133368015289307,21.649999618530273,22.06999969482422,21.139999389648438,21.219999313354492,78950900
2020-06-24,5.9492268562316895,21.0,21.559999465942383,20.709999084472656,21.489999771118164,65162400
2020-06-25,6.08237361907959,21.469999313354492,21.469999313354492,20.729999542236328,20.90999984741211,47263500
2020-06-26,5.903898239135742,20.84000015258789,21.469999313354492,20.780000686645508,21.209999084472656,55499300
2020-06-29,6.136200904846191,21.65999984741211,21.65999984741211,20.93000030517578,21.100000381469727,59809600
2020-06-30,6.105038642883301,21.549999237060547,21.799999237060547,21.09000015258789,21.34000015258789,65010600
2020-07-01,6.150365829467773,21.709999084472656,22.25,21.520000457763672,21.75,78983900
2020-07-02,6.249519348144531,22.059999465942383,22.209999084472656,21.860000610351562,22.100000381469727,56345900
2020-07-03,6.2268571853637695,21.979999542236328,22.18000030517578,21.799999237060547,21.950000762939453,24060000
2020-07-06,6.377004623413086,22.510000228881836,22.860000610351562,22.309999465942383,22.389999389648438,58070900
2020-07-07,6.2976789474487305,22.229999542236328,22.469999313354492,22.139999389648438,22.34000015258789,46591300
2020-07-08,6.4166646003723145,22.649999618530273,22.760000228881836,22.399999618530273,22.450000762939453,49136300
2020-07-09,6.272184371948242,22.139999389648438,22.809999465942383,22.059999465942383,22.780000686645508,57151500
2020-07-10,6.377004623413086,22.510000228881836,22.649999618530273,22.059999465942383,22.190000534057617,57428300
2020-07-13,6.27785062789917,22.15999984741211,22.649999618530273,22.15999984741211,22.610000610351562,55425500
2020-07-14,6.487489700317383,22.899999618530273,22.959999084472656,21.860000610351562,22.1299991607666,89380500
2020-07-15,6.612138748168945,23.34000015258789,23.43000030517578,22.850000381469727,23.200000762939453,58390600
2020-07-16,6.436494827270508,22.719999313354492,23.280000686645508,22.520000457763672,23.15999984741211,69698700
2020-07-17,6.4421610832214355,22.739999771118164,23.030000686645508,22.579999923706055,22.829999923706055,49927600
2020-07-20,6.4421610832214355,22.739999771118164,22.90999984741211,22.520000457763672,22.700000762939453,48679800
2020-07-21,6.620638847351074,23.3700008392334,23.600000381469727,23.139999389648438,23.149999618530273,101769600
2020-07-22,6.529983997344971,23.049999237060547,23.40999984741211,23.010000228881836,23.299999237060547,43085500
2020-07-23,6.394128322601318,22.56999969482422,23.229999542236328,22.540000915527344,23.15999984741211,64072100
2020-07-24,6.439456939697266,22.729999542236328,23.059999465942383,22.420000076293945,22.540000915527344,43380300
2020-07-27,6.572610378265381,23.200000762939453,23.25,22.450000762939453,22.8700008392334,56539600
2020-07-28,6.459288120269775,22.799999237060547,23.31999969482422,22.799999237060547,23.040000915527344,48353000
2020-07-29,6.5641093254089355,23.170000076293945,23.25,22.920000076293945,23.030000686645508,44011500
2020-07-30,6.464954376220703,22.81999969482422,22.920000076293945,22.5,22.920000076293945,57859000
2020-07-31,6.289308547973633,22.200000762939453,23.139999389648438,22.15999984741211,22.920000076293945,75397300
2020-08-03,6.175987243652344,21.799999237060547,22.549999237060547,21.719999313354492,22.540000915527344,63598500
2020-08-04,6.170321941375732,21.780000686645508,22.049999237060547,21.25,21.459999084472656,63011900
2020-08-05,6.566944122314453,23.18000030517578,23.280000686645508,22.229999542236328,22.229999542236328,137214700
2020-08-06,6.57827615737915,23.219999313354492,23.530000686645508,23.010000228881836,23.280000686645508,56375100
2020-08-07,6.456456661224365,22.790000915527344,22.90999984741211,22.549999237060547,22.860000610351562,56040200
2020-08-10,6.643435955047607,23.450000762939453,23.450000762939453,22.639999389648438,22.899999618530273,52390100
2020-08-11,6.538614749908447,23.079999923706055,23.8799991607666,23.059999465942383,23.709999084472656,66342300
2020-08-12,6.651932716369629,23.479999542236328,23.68000030517578,23.079999923706055,23.360000610351562,67008500
2020-08-13,6.470621109008789,22.84000015258789,23.579999923706055,22.709999084472656,23.450000762939453,44588200
2020-08-14,6.422459125518799,22.670000076293945,22.979999542236328,22.530000686645508,22.770000457763672,38422000
2020-08-17,6.402627944946289,22.600000381469727,22.84000015258789,22.149999618530273,22.68000030517578,52064300
2020-08-18,6.521614074707031,23.020000457763672,23.239999771118164,22.770000457763672,22.93000030517578,49361300
2020-08-19,6.484786510467529,22.889999389648438,23.31999969482422,22.75,22.950000762939453,51982100
2020-08-20,6.439456939697266,22.729999542236328,22.8700008392334,22.350000381469727,22.520000457763672,55251700
2020-08-21,6.39129638671875,22.559999465942383,22.6299991607666,22.350000381469727,22.540000915527344,38668300
2020-08-24,6.507450103759766,22.969999313354492,23.1299991607666,22.799999237060547,22.860000610351562,51841900
2020-08-25,6.479121685028076,22.8700008392334,23.149999618530273,22.690000534057617,23.09000015258789,37981400
2020-08-26,6.294973850250244,22.219999313354492,22.899999618530273,22.040000915527344,22.780000686645508,69925300
2020-08-27,6.275143146514893,22.149999618530273,22.469999313354492,22.040000915527344,22.31999969482422,35489800
2020-08-28,6.3856306076049805,22.540000915527344,22.540000915527344,22.059999465942383,22.25,31071000
2020-08-31,6.201483249664307,21.889999389648438,22.43000030517578,21.889999389648438,22.31999969482422,48539700
2020-09-01,6.479121685028076,22.8700008392334,22.889999389648438,22.1200008392334,22.200000762939453,66299700
2020-09-02,6.459288120269775,22.799999237060547,23.100000381469727,22.520000457763672,22.93000030517578,53618000
2020-09-03,6.4819536209106445,22.8799991607666,23.1200008392334,22.56999969482422,22.610000610351562,87642400
2020-09-04,6.493285179138184,22.920000076293945,23.030000686645508,22.579999923706055,23.0,52351100
2020-09-08,6.306305408477783,22.260000228881836,22.5,21.90999984741211,22.5,74490200
2020-09-09,6.439456939697266,22.729999542236328,22.770000457763672,22.489999771118164,22.489999771118164,42143500
2020-09-10,6.2666425704956055,22.1200008392334,22.579999923706055,22.110000610351562,22.579999923706055,58350000
2020-09-11,6.19865083694458,21.8799991607666,22.260000228881836,21.75,22.1200008392334,71013700
2020-09-14,6.141990661621094,21.68000030517578,21.979999542236328,21.43000030517578,21.940000534057617,46453300
2020-09-15,6.139157295227051,21.670000076293945,22.079999923706055,21.549999237060547,21.979999542236328,58546700
2020-09-16,6.156156063079834,21.729999542236328,21.989999771118164,21.600000381469727,21.850000381469727,50379500
2020-09-17,6.275143146514893,22.149999618530273,22.170000076293945,21.459999084472656,21.510000228881836,60432200
2020-09-18,6.133491039276123,21.649999618530273,22.149999618530273,21.549999237060547,21.989999771118164,64243500
2020-09-21,5.921014785766602,20.899999618530273,21.459999084472656,20.809999465942383,21.290000915527344,73300000
2020-09-22,5.892683506011963,20.799999237060547,21.350000381469727,20.75,20.959999084472656,47207700
2020-09-23,5.731202125549316,20.229999542236328,20.959999084472656,20.200000762939453,20.799999237060547,57106300
2020-09-24,5.779364109039307,20.399999618530273,20.709999084472656,20.059999465942383,20.239999771118164,76310000
2020-09-25,5.702871322631836,20.1299991607666,20.260000228881836,19.8700008392334,20.149999618530273,40150400
2020-09-28,5.561220645904541,19.6299991607666,20.559999465942383,19.6299991607666,20.329999923706055,48797400
2020-09-29,5.470564365386963,19.309999465942383,19.860000610351562,19.25,19.6299991607666,52878100
2020-09-30,5.555556297302246,19.610000610351562,20.040000915527344,19.43000030517578,19.5,69505000
2020-10-01,5.623547554016113,19.850000381469727,20.059999465942383,19.1299991607666,19.639999389648438,77537300
2020-10-02,5.388406753540039,19.020000457763672,19.739999771118164,19.020000457763672,19.729999542236328,85306000
2020-10-05,5.674540996551514,20.030000686645508,20.15999984741211,19.239999771118164,19.360000610351562,73288500
2020-10-06,5.646212577819824,19.93000030517578,20.700000762939453,19.93000030517578,20.469999313354492,77064600
2020-10-07,5.6065497398376465,19.790000915527344,20.049999237060547,19.559999465942383,20.0,53521000
2020-10-08,5.790696144104004,20.440000534057617,20.59000015258789,19.860000610351562,20.040000915527344,78070400
2020-10-09,5.6093831062316895,19.799999237060547,20.389999389648438,19.799999237060547,20.34000015258789,67962300
2020-10-13,5.702871322631836,20.1299991607666,20.1299991607666,19.729999542236328,19.90999984741211,55330600
2020-10-14,5.65754508972168,19.969999313354492,20.3700008392334,19.969999313354492,20.09000015258789,44584300
2020-10-15,5.595217227935791,19.75,19.770000457763672,19.440000534057617,19.6200008392334,56952100
2020-10-16,5.476229190826416,19.329999923706055,19.709999084472656,19.31999969482422,19.670000076293945,49929000
2020-10-19,5.530057430267334,19.520000457763672,19.940000534057617,19.25,19.40999984741211,107419300
2020-10-20,5.717037200927734,20.18000030517578,20.270000457763672,19.59000015258789,19.670000076293945,68407700
2020-10-21,5.711370944976807,20.15999984741211,20.329999923706055,19.829999923706055,20.15999984741211,60594900
2020-10-22,5.904016017913818,20.84000015258789,20.84000015258789,20.049999237060547,20.100000381469727,98926900
2020-10-23,5.827525615692139,20.56999969482422,21.139999389648438,20.540000915527344,20.940000534057617,61711200
2020-10-26,5.736868381500244,20.25,20.530000686645508,20.030000686645508,20.329999923706055,58229100
2020-10-27,5.632046222686768,19.8799991607666,20.3700008392334,19.809999465942383,20.260000228881836,48978400
2020-10-28,5.289251804351807,18.670000076293945,19.440000534057617,18.670000076293945,19.350000381469727,79247400
2020-10-29,5.464898586273193,19.290000915527344,19.3700008392334,17.739999771118164,18.43000030517578,86794800
2020-10-30,5.3657426834106445,18.940000534057617,19.540000915527344,18.8700008392334,19.139999389648438,64185100
2020-11-03,5.566886901855469,19.649999618530273,19.899999618530273,19.329999923706055,19.510000228881836,66292400
2020-11-04,5.586718559265137,19.719999313354492,20.06999969482422,19.270000457763672,20.010000228881836,65777600
2020-11-05,5.634879112243652,19.889999389648438,19.989999771118164,19.719999313354492,19.950000762939453,40874800
2020-11-06,5.595217227935791,19.75,19.950000762939453,19.540000915527344,19.549999237060547,37273300
2020-11-09,6.122159004211426,21.610000610351562,22.690000534057617,21.040000915527344,21.110000610351562,164904100
2020-11-10,6.538614749908447,23.079999923706055,23.149999618530273,21.809999465942383,21.889999389648438,163732600
2020-11-11,6.4819536209106445,22.8799991607666,23.360000610351562,22.399999618530273,23.350000381469727,93072900
2020-11-12,6.207150936126709,21.90999984741211,22.81999969482422,21.770000457763672,22.739999771118164,77275000
2020-11-13,6.41112756729126,22.6299991607666,22.799999237060547,21.889999389648438,22.020000457763672,66065200
2020-11-16,6.598108291625977,23.290000915527344,23.6299991607666,23.1299991607666,23.200000762939453,101583300
2020-11-17,6.711428165435791,23.690000534057617,24.139999389648438,22.979999542236328,23.049999237060547,94082100
2020-11-18,6.671765327453613,23.549999237060547,24.1299991607666,23.549999237060547,23.989999771118164,68540400
2020-11-19,6.748256206512451,23.81999969482422,23.940000534057617,23.3700008392334,23.549999237060547,65382100
2020-11-23,7.110882759094238,25.100000381469727,25.100000381469727,24.040000915527344,24.049999237060547,125649000
2020-11-24,7.4281816482543945,26.219999313354492,26.670000076293945,25.639999389648438,25.639999389648438,153293500
2020-11-25,7.436679840087891,26.25,26.5,25.670000076293945,26.200000762939453,73971200
2020-11-26,7.314862251281738,25.81999969482422,25.950000762939453,25.559999465942383,25.940000534057617,41935900
2020-11-27,7.22420597076416,25.5,26.059999465942383,25.450000762939453,25.920000076293945,49863500
2020-11-30,7.054222583770752,24.899999618530273,25.8799991607666,24.84000015258789,25.260000228881836,90207700
2020-12-01,7.252536296844482,25.600000381469727,25.770000457763672,25.290000915527344,25.399999618530273,58866000
2020-12-02,7.340358734130859,25.90999984741211,26.5,25.329999923706055,25.600000381469727,88093300
2020-12-03,7.547170162200928,26.639999389648438,26.889999389648438,26.049999237060547,26.149999618530273,62424500
2020-12-04,7.799307823181152,27.530000686645508,27.56999969482422,27.059999465942383,27.190000534057617,61652400
2020-12-07,7.649158477783203,27.0,27.790000915527344,26.670000076293945,27.270000457763672,72664200
2020-12-08,7.552835464477539,26.65999984741211,27.139999389648438,26.459999084472656,26.809999465942383,46276700
2020-12-09,7.6321611404418945,26.940000534057617,26.969999313354492,26.399999618530273,26.6299991607666,52448300
2020-12-10,7.881467342376709,27.81999969482422,28.200000762939453,27.1299991607666,27.190000534057617,97537100
2020-12-11,7.810641288757324,27.56999969482422,27.84000015258789,27.280000686645508,27.489999771118164,48334300
2020-12-14,7.824804782867432,27.6200008392334,28.270000457763672,27.6200008392334,28.030000686645508,53159500
2020-12-15,7.8899641036987305,27.850000381469727,27.989999771118164,27.6200008392334,27.6200008392334,47208200
2020-12-16,7.986286640167236,28.190000534057617,28.239999771118164,27.469999313354492,27.850000381469727,59399200
2020-12-17,8.00045108795166,28.239999771118164,28.389999389648438,28.06999969482422,28.299999237060547,39297700
2020-12-18,7.960790157318115,28.100000381469727,28.31999969482422,28.020000457763672,28.100000381469727,44707900
2020-12-21,7.654824256896973,27.020000457763672,27.489999771118164,26.520000457763672,27.190000534057617,99988800
2020-12-22,7.728481769561768,27.280000686645508,27.469999313354492,27.049999237060547,27.200000762939453,46513200
2020-12-23,7.9182963371276855,27.950000762939453,28.25,27.350000381469727,27.43000030517578,49038900
2020-12-28,7.983454704284668,28.18000030517578,28.520000457763672,28.18000030517578,28.360000610351562,36313300
2020-12-29,8.008952140808105,28.270000457763672,28.43000030517578,27.989999771118164,28.3799991607666,29891100
2020-12-30,8.028783798217773,28.34000015258789,28.489999771118164,28.200000762939453,28.350000381469727,36968200
2021-01-04,8.190264701843262,28.90999984741211,29.18000030517578,28.530000686645508,28.649999618530273,74719700
2021-01-05,8.510396957397461,30.040000915527344,30.18000030517578,28.239999771118164,28.899999618530273,95181100
2021-01-06,8.527393341064453,30.100000381469727,30.899999618530273,30.049999237060547,30.15999984741211,96562500
2021-01-07,8.782365798950195,31.0,31.149999618530273,30.34000015258789,30.34000015258789,56171300
2021-01-08,8.816361427307129,31.1200008392334,31.760000228881836,30.350000381469727,31.459999084472656,67136300
2021-01-11,8.742705345153809,30.860000610351562,31.059999465942383,30.399999618530273,30.610000610351562,48744700
2021-01-12,8.677544593811035,30.6299991607666,31.559999465942383,30.6299991607666,31.1200008392334,65691900
2021-01-13,8.258256912231445,29.149999618530273,30.860000610351562,29.0,30.68000030517578,93826600
2021-01-14,8.34324836730957,29.450000762939453,29.670000076293945,28.719999313354492,29.170000076293945,50745400
2021-01-15,7.966456890106201,28.1200008392334,29.079999923706055,28.030000686645508,29.049999237060547,80673300
2021-01-18,7.952291488647461,28.06999969482422,28.850000381469727,28.010000228881836,28.309999465942383,68855700
2021-01-19,8.127939224243164,28.690000534057617,28.860000610351562,27.639999389648438,28.479999542236328,61656000
2021-01-20,7.991952419281006,28.209999084472656,29.1200008392334,28.110000610351562,28.950000762939453,60306200
2021-01-21,7.8049726486206055,27.549999237060547,28.399999618530273,27.510000228881836,28.020000457763672,41284900
2021-01-22,7.674655914306641,27.09000015258789,27.239999771118164,26.559999465942383,26.93000030517578,51181900
2021-01-26,7.649158477783203,27.0,27.969999313354492,26.81999969482422,27.25,64514600
2021-01-27,7.762479305267334,27.399999618530273,28.170000076293945,26.530000686645508,26.809999465942383,68337800
2021-01-28,7.864468097686768,27.760000228881836,28.450000762939453,27.309999465942383,27.31999969482422,67827000
2021-01-29,7.561335563659668,26.690000534057617,27.68000030517578,26.690000534057617,27.520000457763672,67555300
2021-02-01,7.799307823181152,27.530000686645508,27.68000030517578,26.829999923706055,27.260000228881836,44449500
2021-02-02,8.119441986083984,28.65999984741211,29.139999389648438,28.200000762939453,28.399999618530273,91663000
2021-02-03,8.198762893676758,28.940000534057617,29.139999389648438,28.65999984741211,28.979999542236328,47486800
2021-02-04,8.164767265319824,28.81999969482422,28.989999771118164,28.209999084472656,28.829999923706055,41444100
2021-02-05,8.17043399810791,28.84000015258789,30.09000015258789,28.31999969482422,28.979999542236328,121098700
2021-02-08,7.963623046875,28.110000610351562,29.299999237060547,27.799999237060547,28.510000228881836,98821700
2021-02-09,7.802139759063721,27.540000915527344,28.3700008392334,27.3799991607666,28.049999237060547,63662200
2021-02-10,7.875800609588623,27.799999237060547,28.040000915527344,27.1200008392334,27.739999771118164,52949900
2021-02-11,7.955124378204346,28.079999923706055,28.5,27.8700008392334,28.139999389648438,61158600
2021-02-12,8.057113647460938,28.440000534057617,28.489999771118164,27.610000610351562,27.809999465942383,47801100
2021-02-17,8.382908821105957,29.59000015258789,29.600000381469727,28.1299991607666,28.520000457763672,54973400
2021-02-18,8.292254447937012,29.270000457763672,30.920000076293945,29.040000915527344,30.3799991607666,105539200
2021-02-19,7.742646217346191,27.329999923706055,28.489999771118164,27.170000076293945,28.030000686645508,215834800
2021-02-22,6.139157295227051,21.670000076293945,23.200000762939453,21.399999618530273,22.799999237060547,490230400
2021-02-23,6.816250324249268,24.059999465942383,24.260000228881836,22.709999084472656,23.049999237060547,293503100
2021-02-24,6.912570953369141,24.399999618530273,25.0,24.010000228881836,24.549999237060547,155246400
2021-02-25,6.56977653503418,23.190000534057617,25.25,23.100000381469727,25.0,170233000
2021-02-26,6.300638675689697,22.239999771118164,23.420000076293945,21.969999313354492,23.200000762939453,159881000
2021-03-01,6.232648849487305,22.0,23.040000915527344,21.920000076293945,22.799999237060547,90330100
2021-03-02,6.229815483093262,21.989999771118164,22.329999923706055,20.670000076293945,21.84000015258789,147772300
2021-03-03,6.003171443939209,21.190000534057617,21.889999389648438,20.479999542236328,21.799999237060547,185688500
2021-03-04,6.294973850250244,22.219999313354492,22.399999618530273,21.1200008392334,21.299999237060547,127843200
2021-03-05,6.343133926391602,22.389999389648438,23.219999313354492,22.290000915527344,22.440000534057617,126306300
2021-03-08,5.977675437927246,21.100000381469727,22.280000686645508,20.959999084472656,21.940000534057617,141142800
2021-03-09,6.1164937019348145,21.59000015258789,21.950000762939453,20.860000610351562,21.360000610351562,122648000
2021-03-10,6.328970432281494,22.34000015258789,22.34000015258789,21.579999923706055,21.940000534057617,111744100
2021-03-11,6.598108291625977,23.290000915527344,23.489999771118164,22.610000610351562,22.6200008392334,130577500
2021-03-12,6.5641093254089355,23.170000076293945,23.3799991607666,22.860000610351562,23.149999618530273,68123200
2021-03-15,6.700096130371094,23.649999618530273,23.670000076293945,23.100000381469727,23.110000610351562,68295000
2021-03-16,6.595274925231934,23.280000686645508,23.68000030517578,23.229999542236328,23.6299991607666,43407900
2021-03-17,6.821915626525879,24.079999923706055,24.1299991607666,23.110000610351562,23.139999389648438,77966400
2021-03-18,6.58394193649292,23.239999771118164,23.899999618530273,23.06999969482422,23.8799991607666,77198900
2021-03-19,6.799253940582275,24.0,24.040000915527344,23.18000030517578,23.270000457763672,90244500
2021-03-22,6.663266658782959,23.520000457763672,23.780000686645508,23.229999542236328,23.690000534057617,44129300
2021-03-23,6.459288120269775,22.799999237060547,23.6299991607666,22.799999237060547,23.170000076293945,57124700
2021-03-24,6.464954376220703,22.81999969482422,23.540000915527344,22.81999969482422,23.190000534057617,63338300
2021-03-25,6.572610378265381,23.200000762939453,23.299999237060547,22.15999984741211,22.700000762939453,79214500
2021-03-26,6.646266937255859,23.459999084472656,23.8799991607666,23.110000610351562,23.479999542236328,60918600
2021-03-29,6.751089572906494,23.829999923706055,23.829999923706055,23.280000686645508,23.34000015258789,50099700
2021-03-30,6.751089572906494,23.829999923706055,23.989999771118164,23.56999969482422,23.639999389648438,41959100
2021-03-31,6.827582359313965,24.100000381469727,24.229999542236328,23.780000686645508,23.799999237060547,68609400
2021-04-01,6.768089771270752,23.889999389648438,24.389999389648438,23.780000686645508,24.290000915527344,47232900
2021-04-05,6.81058406829834,24.040000915527344,24.200000762939453,23.68000030517578,24.1299991607666,40454400
2021-04-06,6.80491828918457,24.020000457763672,24.3700008392334,23.90999984741211,24.18000030517578,45934300
2021-04-07,6.799253940582275,24.0,24.34000015258789,23.93000030517578,23.940000534057617,55892200
2021-04-08,6.714260578155518,23.700000762939453,24.040000915527344,23.3700008392334,23.979999542236328,63231300
2021-04-09,6.700096130371094,23.649999618530273,23.780000686645508,23.3700008392334,23.5,47494400
2021-04-12,6.768089771270752,23.889999389648438,24.3700008392334,23.780000686645508,23.959999084472656,50592900
2021-04-13,6.79075288772583,23.969999313354492,24.110000610351562,23.690000534057617,23.979999542236328,53612300
2021-04-14,6.898408889770508,24.350000381469727,24.579999923706055,23.979999542236328,24.200000762939453,90836500
2021-04-15,6.761602878570557,23.09000015258789,23.829999923706055,23.020000457763672,23.700000762939453,64193600
2021-04-16,6.720608234405518,22.950000762939453,23.239999771118164,22.809999465942383,23.1299991607666,59567300
2021-04-19,7.110079288482666,24.280000686645508,24.889999389648438,22.770000457763672,22.950000762939453,196519100
2021-04-20,6.975375652313232,23.81999969482422,24.59000015258789,23.760000228881836,24.329999923706055,94965400
2021-04-22,6.943161964416504,23.709999084472656,24.190000534057617,23.649999618530273,24.139999389648438,46600100
2021-04-23,6.937305450439453,23.690000534057617,23.940000534057617,23.510000228881836,23.8799991607666,60341000
2021-04-26,6.963662147521973,23.780000686645508,24.049999237060547,23.610000610351562,23.850000381469727,33281000
2021-04-27,6.764533042907715,23.100000381469727,24.170000076293945,23.100000381469727,23.81999969482422,76684900
2021-04-28,7.010517120361328,23.940000534057617,24.09000015258789,23.360000610351562,23.399999618530273,66374200
2021-04-29,6.916808605194092,23.6200008392334,24.290000915527344,23.420000076293945,24.1200008392334,49775900
2021-04-30,6.916808605194092,23.6200008392334,23.93000030517578,23.280000686645508,23.399999618530273,61039200
2021-05-03,6.861169815063477,23.43000030517578,23.809999465942383,23.299999237060547,23.799999237060547,49039900
2021-05-04,6.703037261962891,22.889999389648438,23.639999389648438,22.8799991607666,23.540000915527344,44765000
2021-05-05,6.978304386138916,23.829999923706055,23.950000762939453,23.1200008392334,23.170000076293945,75611900
2021-05-06,6.88166618347168,23.5,23.850000381469727,23.399999618530273,23.709999084472656,54091600
2021-05-07,7.13936185836792,24.3799991607666,24.450000762939453,23.459999084472656,23.639999389648438,74118200
2021-05-10,7.233069896697998,24.700000762939453,24.979999542236328,24.579999923706055,24.799999237060547,73804500
2021-05-11,7.364847660064697,25.149999618530273,25.170000076293945,24.31999969482422,24.440000534057617,73729900
2021-05-12,7.256498336791992,24.780000686645508,25.530000686645508,24.690000534057617,24.950000762939453,89980700
2021-05-13,7.317994117736816,24.989999771118164,25.100000381469727,24.43000030517578,24.760000228881836,77282100
2021-05-14,7.701609134674072,26.299999237060547,26.3799991607666,25.549999237060547,25.799999237060547,196135500
2021-05-17,7.807031631469727,26.65999984741211,26.65999984741211,26.200000762939453,26.299999237060547,83512600
2021-05-18,7.716250896453857,26.350000381469727,26.799999237060547,26.270000457763672,26.700000762939453,63510600
2021-05-19,7.657686233520508,26.149999618530273,26.350000381469727,25.799999237060547,25.850000381469727,84700500
2021-05-20,7.593262195587158,25.93000030517578,26.280000686645508,25.719999313354492,26.149999618530273,71371100
2021-05-21,7.599116325378418,25.950000762939453,26.309999465942383,25.940000534057617,26.079999923706055,82884500
2021-05-24,7.727964878082275,26.389999389648438,26.520000457763672,25.989999771118164,26.280000686645508,63029600
2021-05-25,7.566905498504639,25.84000015258789,26.6200008392334,25.780000686645508,26.479999542236328,63672000
2021-05-26,7.640115737915039,26.09000015258789,26.18000030517578,25.649999618530273,25.90999984741211,46646900
2021-05-27,7.587403774261475,25.90999984741211,26.25,25.770000457763672,26.079999923706055,48877800
2021-05-28,7.90366792678833,26.989999771118164,27.020000457763672,26.149999618530273,26.200000762939453,129526400
2021-05-31,7.868528366088867,26.8700008392334,27.200000762939453,26.780000686645508,26.959999084472656,46298900
2021-06-01,7.991520404815674,27.290000915527344,27.700000762939453,27.010000228881836,27.399999618530273,90744900
2021-06-02,8.161365509033203,27.8700008392334,28.06999969482422,27.260000228881836,27.350000381469727,103985100
2021-06-04,8.34585189819336,28.5,28.6200008392334,27.920000076293945,28.059999465942383,102757300
2021-06-07,8.284356117248535,28.290000915527344,28.549999237060547,28.010000228881836,28.5,74548900
2021-06-08,8.392705917358398,28.65999984741211,28.799999237060547,27.959999084472656,28.170000076293945,88398600
2021-06-09,8.392705917358398,28.65999984741211,29.079999923706055,28.520000457763672,28.719999313354492,60724200
2021-06-10,8.398561477661133,28.68000030517578,29.030000686645508,28.56999969482422,28.829999923706055,35871000
2021-06-11,8.366350173950195,28.56999969482422,28.850000381469727,28.260000228881836,28.799999237060547,54894400
2021-06-14,8.419061660766602,28.75,29.350000381469727,28.610000610351562,28.899999618530273,64286600
2021-06-15,8.501056671142578,29.030000686645508,29.059999465942383,28.6299991607666,28.959999084472656,42597100
2021-06-16,8.5332670211792,29.139999389648438,29.290000915527344,28.770000457763672,29.079999923706055,77432900
2021-06-17,8.23750114440918,28.1299991607666,29.200000762939453,27.90999984741211,29.010000228881836,95264600
2021-06-18,8.293139457702637,28.31999969482422,28.420000076293945,27.639999389648438,28.0,115250700
2021-06-21,8.477627754211426,28.950000762939453,29.0,28.399999618530273,28.399999618530273,50709600
2021-06-22,8.521554946899414,29.100000381469727,29.270000457763672,28.670000076293945,29.0,41602700
2021-06-23,8.580120086669922,29.299999237060547,29.520000457763672,29.0,29.25,57278500
2021-06-24,8.682615280151367,29.649999618530273,29.649999618530273,29.219999313354492,29.489999771118164,51447000
2021-06-25,8.521554946899414,29.100000381469727,29.790000915527344,28.950000762939453,29.690000534057617,84950900
2021-06-28,8.506911277770996,29.049999237060547,29.270000457763672,28.670000076293945,29.18000030517578,40341200
2021-06-29,8.544978141784668,29.18000030517578,29.18000030517578,28.739999771118164,29.09000015258789,43215200
2021-06-30,8.618189811706543,29.43000030517578,29.56999969482422,28.920000076293945,29.030000686645508,71367600
2021-07-01,8.509839057922363,29.059999465942383,29.8799991607666,28.920000076293945,29.739999771118164,65084000
2021-07-02,8.544978141784668,29.18000030517578,29.3799991607666,28.729999542236328,29.299999237060547,37336700
2021-07-05,8.448346138000488,28.850000381469727,29.15999984741211,28.3700008392334,29.010000228881836,56028600
2021-07-06,8.102797508239746,27.670000076293945,28.799999237060547,27.670000076293945,28.700000762939453,97839700
2021-07-07,8.214076042175293,28.049999237060547,28.149999618530273,27.40999984741211,28.149999618530273,73793500
2021-07-08,8.05008602142334,27.489999771118164,27.68000030517578,27.270000457763672,27.399999618530273,80574200
2021-07-12,8.120367050170898,27.729999542236328,27.780000686645508,27.280000686645508,27.579999923706055,53001200
2021-07-13,8.170148849487305,27.899999618530273,27.969999313354492,27.3799991607666,27.559999465942383,41594300
2021-07-14,8.102797508239746,27.670000076293945,28.200000762939453,27.540000915527344,28.100000381469727,51654600
2021-07-15,7.930023670196533,27.079999923706055,27.6299991607666,26.920000076293945,27.489999771118164,67982600
2021-07-16,7.812888145446777,26.68000030517578,27.3799991607666,26.579999923706055,27.229999542236328,69024100
2021-07-19,7.684040069580078,26.239999771118164,26.450000762939453,25.860000610351562,25.969999313354492,80087700
2021-07-20,7.786531925201416,26.59000015258789,26.940000534057617,25.90999984741211,26.190000534057617,63408800
2021-07-21,7.8948822021484375,26.959999084472656,27.239999771118164,26.59000015258789,26.790000915527344,51116600
2021-07-22,7.877311706542969,26.899999618530273,27.219999313354492,26.709999084472656,27.0,37736500
2021-07-23,7.830458164215088,26.739999771118164,27.170000076293945,26.68000030517578,27.100000381469727,34025500
2021-07-26,8.044229507446289,27.469999313354492,27.469999313354492,26.719999313354492,26.739999771118164,46802600
2021-07-27,7.950521469116211,27.149999618530273,27.399999618530273,26.899999618530273,27.350000381469727,51901800
2021-07-28,8.114507675170898,27.709999084472656,27.899999618530273,27.200000762939453,27.43000030517578,46727100
2021-07-29,8.143795013427734,27.809999465942383,27.920000076293945,27.5,27.799999237060547,43916600
2021-07-30,7.880239486694336,26.90999984741211,27.829999923706055,26.829999923706055,27.600000381469727,74150400
2021-08-02,7.733820915222168,26.40999984741211,27.40999984741211,26.3700008392334,27.200000762939453,70528800
2021-08-03,7.862670421600342,26.850000381469727,26.8700008392334,25.790000915527344,26.360000610351562,71850400
2021-08-04,7.69575309753418,26.280000686645508,26.770000457763672,25.950000762939453,26.549999237060547,87970600
2021-08-05,8.301925659179688,28.350000381469727,28.979999542236328,28.059999465942383,28.75,223915900
2021-08-06,8.313639640808105,28.389999389648438,28.540000915527344,28.020000457763672,28.5,51106100
2021-08-09,8.255070686340332,28.190000534057617,28.209999084472656,27.670000076293945,27.950000762939453,75381900
2021-08-10,8.281427383422852,28.280000686645508,28.780000686645508,28.239999771118164,28.299999237060547,84380900
2021-08-11,8.395633697509766,28.670000076293945,28.989999771118164,27.969999313354492,28.15999984741211,97863500
2021-08-12,8.521554946899414,29.100000381469727,29.190000534057617,28.5,28.65999984741211,95319300
2021-08-13,8.59476375579834,29.350000381469727,29.610000610351562,29.020000457763672,29.059999465942383,85201800
2021-08-16,8.386848449707031,28.639999389648438,29.239999771118164,28.239999771118164,29.200000762939453,101262100
2021-08-17,8.386820793151855,27.030000686645508,27.6299991607666,26.450000762939453,26.84000015258789,93623700
2021-08-18,8.312355041503906,26.790000915527344,27.309999465942383,26.649999618530273,27.030000686645508,86103100
2021-08-19,8.265811920166016,26.639999389648438,26.8700008392334,26.1299991607666,26.260000228881836,80808200
2021-08-20,8.253402709960938,26.600000381469727,26.6299991607666,26.170000076293945,26.399999618530273,88445600
2021-08-23,8.383718490600586,27.020000457763672,27.309999465942383,26.770000457763672,26.940000534057617,70161500
2021-08-24,8.557474136352539,27.579999923706055,27.6299991607666,27.239999771118164,27.290000915527344,49831400
2021-08-25,8.604016304016113,27.729999542236328,27.829999923706055,27.3799991607666,27.6299991607666,46031200
2021-08-26,8.529549598693848,27.489999771118164,27.8799991607666,27.469999313354492,27.579999923706055,41061300
2021-08-27,8.839828491210938,28.489999771118164,28.489999771118164,27.670000076293945,27.700000762939453,76465300
2021-08-30,8.780875205993652,28.299999237060547,28.709999084472656,28.260000228881836,28.399999618530273,61054000
2021-08-31,8.436466217041016,27.190000534057617,28.229999542236328,26.989999771118164,28.200000762939453,110574300
2021-09-01,8.389925003051758,27.040000915527344,27.34000015258789,26.329999923706055,27.31999969482422,69430400
2021-09-02,8.253402709960938,26.600000381469727,27.350000381469727,26.459999084472656,27.0,56052000
2021-09-03,8.169625282287598,26.329999923706055,26.780000686645508,26.100000381469727,26.649999618530273,58182700
2021-09-06,8.2099609375,26.459999084472656,26.709999084472656,26.149999618530273,26.209999084472656,26770700
2021-09-08,7.747645854949951,24.969999313354492,26.350000381469727,24.790000915527344,26.290000915527344,80378400
2021-09-09,7.912093639373779,25.5,25.8799991607666,24.139999389648438,25.079999923706055,156617100
2021-09-10,7.8624491691589355,25.34000015258789,26.139999389648438,25.329999923706055,26.020000457763672,78379900
2021-09-13,8.138596534729004,26.229999542236328,26.389999389648438,25.639999389648438,25.799999237060547,63317900
2021-09-14,8.030000686645508,25.8799991607666,26.25,25.719999313354492,25.950000762939453,65497300
2021-09-15,8.169625282287598,26.329999923706055,26.459999084472656,25.8700008392334,26.0,67274100
2021-09-16,8.098261833190918,26.100000381469727,26.239999771118164,25.510000228881836,26.079999923706055,65567700
2021-09-17,7.735236167907715,24.93000030517578,26.020000457763672,24.770000457763672,25.969999313354492,131694100
2021-09-20,7.6483588218688965,24.649999618530273,24.649999618530273,23.790000915527344,24.079999923706055,80260600
2021-09-21,7.82211446762085,25.209999084472656,25.290000915527344,24.530000686645508,25.079999923706055,64570200
2021-09-22,8.02069091796875,25.850000381469727,26.219999313354492,25.520000457763672,25.530000686645508,70231800
2021-09-23,8.327865600585938,26.84000015258789,26.950000762939453,25.90999984741211,25.950000762939453,84480600
2021-09-24,8.346482276916504,26.899999618530273,27.059999465942383,26.469999313354492,26.549999237060547,44821500
2021-09-27,8.420951843261719,27.139999389648438,27.459999084472656,26.5,27.139999389648438,89178700
2021-09-28,8.365099906921387,26.959999084472656,27.889999389648438,26.719999313354492,27.190000534057617,117874300
2021-09-29,8.498519897460938,27.389999389648438,27.530000686645508,26.81999969482422,27.209999084472656,58731700
2021-09-30,8.448875427246094,27.229999542236328,27.579999923706055,27.170000076293945,27.530000686645508,65744000
2021-10-01,8.687790870666504,28.0,28.0,27.06999969482422,27.1200008392334,60983200
2021-10-04,8.932910919189453,28.790000915527344,28.809999465942383,27.719999313354492,27.760000228881836,106937000
2021-10-05,9.128385543823242,29.420000076293945,29.469999313354492,28.899999618530273,29.0,100469100
2021-10-06,8.886368751525879,28.639999389648438,29.170000076293945,28.469999313354492,28.950000762939453,84599400
2021-10-07,8.873957633972168,28.600000381469727,28.979999542236328,28.25,28.700000762939453,60551100
2021-10-08,9.035303115844727,29.1200008392334,29.610000610351562,28.709999084472656,29.0,84170500
2021-10-11,9.097358703613281,29.31999969482422,29.850000381469727,29.149999618530273,29.5,76466700
2021-10-13,9.193544387817383,29.6299991607666,29.700000762939453,29.079999923706055,29.170000076293945,55605400
2021-10-14,9.209056854248047,29.68000030517578,30.219999313354492,29.5,29.860000610351562,76172700
2021-10-15,9.184235572814941,29.600000381469727,29.84000015258789,29.510000228881836,29.799999237060547,72479900
2021-10-18,9.137693405151367,29.450000762939453,29.639999389648438,28.989999771118164,29.399999618530273,68971300
2021-10-19,8.69089412689209,28.010000228881836,29.31999969482422,27.860000610351562,29.239999771118164,111484000
2021-10-20,8.84292984008789,28.5,28.799999237060547,27.950000762939453,28.270000457763672,56063300
2021-10-21,8.517138481140137,27.450000762939453,28.18000030517578,26.920000076293945,27.860000610351562,101567700
2021-10-22,8.43336009979248,27.18000030517578,27.760000228881836,25.770000457763672,27.100000381469727,138384700
2021-10-25,9.010478973388672,29.040000915527344,29.309999465942383,27.649999618530273,27.760000228881836,135830600
2021-10-26,8.923603057861328,28.760000228881836,29.229999542236328,28.600000381469727,28.799999237060547,57865600
2021-10-27,8.901883125305176,28.690000534057617,29.059999465942383,28.469999313354492,28.829999923706055,57579200
2021-10-28,8.98565673828125,28.959999084472656,29.25,28.25,28.530000686645508,89578000
2021-10-29,8.424054145812988,27.149999618530273,29.190000534057617,26.969999313354492,29.1299991607666,157340000
2021-11-01,8.687790870666504,28.0,28.31999969482422,27.3700008392334,27.709999084472656,102157200
2021-11-03,8.330971717834473,26.850000381469727,27.850000381469727,26.799999237060547,27.709999084472656,83475800
2021-11-04,8.067233085632324,26.0,27.239999771118164,25.850000381469727,27.020000457763672,92603400
2021-11-05,8.02069091796875,25.850000381469727,26.540000915527344,25.780000686645508,26.290000915527344,86264000
2021-11-08,8.10446834564209,26.1200008392334,26.65999984741211,25.719999313354492,25.809999465942383,59704100
2021-11-09,8.265811920166016,26.639999389648438,26.950000762939453,26.200000762939453,26.200000762939453,73021700
2021-11-10,8.200654983520508,26.43000030517578,26.93000030517578,26.15999984741211,26.600000381469727,68176300
2021-11-11,8.206862449645996,26.450000762939453,26.8799991607666,26.239999771118164,26.8799991607666,60848900
2021-11-12,8.374409675598145,26.989999771118164,27.15999984741211,26.0,26.309999465942383,85962500
2021-11-16,8.461289405822754,27.270000457763672,27.559999465942383,26.6299991607666,27.260000228881836,60978200
2021-11-17,8.247196197509766,26.579999923706055,27.440000534057617,26.489999771118164,27.389999389648438,82106800
2021-11-18,8.234784126281738,26.540000915527344,26.75,26.049999237060547,26.690000534057617,63993000
2021-11-19,8.098261833190918,26.100000381469727,26.280000686645508,25.780000686645508,26.100000381469727,85893800
2021-11-22,8.178933143615723,26.360000610351562,27.1299991607666,26.290000915527344,26.299999237060547,59195200
2021-11-23,8.625734329223633,27.799999237060547,28.049999237060547,26.5,26.610000610351562,108382300
2021-11-24,8.802594184875488,28.3700008392334,28.440000534057617,27.510000228881836,27.780000686645508,64263300
2021-11-25,9.190441131591797,29.6200008392334,29.790000915527344,28.559999465942383,29.049999237060547,104052200
2021-11-26,8.833620071411133,28.469999313354492,29.15999984741211,28.06999969482422,28.389999389648438,108871800
2021-11-29,9.143900871276855,29.469999313354492,29.81999969482422,28.809999465942383,29.360000610351562,84672200
2021-11-30,9.131488800048828,29.43000030517578,29.639999389648438,28.860000610351562,29.299999237060547,129384600
2021-12-01,9.184235572814941,29.600000381469727,30.670000076293945,29.479999542236328,29.84000015258789,135078600
2021-12-02,9.885000228881836,28.360000610351562,28.489999771118164,26.200000762939453,26.989999771118164,191410300
2021-12-03,10.024422645568848,28.760000228881836,28.940000534057617,28.219999313354492,28.479999542236328,105133000
2021-12-06,10.069731712341309,28.889999389648438,29.270000457763672,28.68000030517578,28.780000686645508,66142300
2021-12-07,10.233553886413574,29.360000610351562,29.56999969482422,28.799999237060547,29.280000686645508,98989300
2021-12-08,10.230070114135742,29.350000381469727,30.06999969482422,29.219999313354492,29.360000610351562,71167700
2021-12-09,10.20915412902832,29.290000915527344,29.489999771118164,28.790000915527344,29.100000381469727,67668200
2021-12-10,10.334635734558105,29.649999618530273,30.100000381469727,29.479999542236328,29.5,38517500
2021-12-13,10.271896362304688,29.469999313354492,30.049999237060547,29.290000915527344,29.670000076293945,45448700
2021-12-14,10.149901390075684,29.1200008392334,29.850000381469727,29.010000228881836,29.610000610351562,56833800
2021-12-15,10.212640762329102,29.299999237060547,29.299999237060547,28.59000015258789,29.100000381469727,55085100
2021-12-16,10.348578453063965,29.690000534057617,29.979999542236328,29.5,29.6200008392334,56545700
2021-12-17,10.104588508605957,28.989999771118164,29.639999389648438,28.780000686645508,29.31999969482422,93593700
2021-12-20,9.815288543701172,28.15999984741211,28.549999237060547,27.68000030517578,28.440000534057617,106282500
2021-12-21,9.829231262207031,28.200000762939453,28.719999313354492,28.1200008392334,28.549999237060547,40454500
2021-12-22,9.815288543701172,28.15999984741211,28.399999618530273,27.969999313354492,28.399999618530273,33734500
2021-12-23,9.874544143676758,28.329999923706055,28.420000076293945,28.149999618530273,28.329999923706055,28713600
2021-12-27,10.02093505859375,28.75,28.780000686645508,28.149999618530273,28.31999969482422,44227900
2021-12-28,10.031392097473145,28.780000686645508,29.280000686645508,28.700000762939453,29.010000228881836,30688100
2021-12-29,9.94774055480957,28.540000915527344,28.899999618530273,28.420000076293945,28.700000762939453,35508400
2021-12-30,9.916370391845703,28.450000762939453,28.700000762939453,28.389999389648438,28.549999237060547,43229100
2022-01-03,10.139444351196289,29.09000015258789,29.219999313354492,28.530000686645508,28.540000915527344,52704700
2022-01-04,10.177786827087402,29.200000762939453,29.399999618530273,28.90999984741211,29.15999984741211,51739200
2022-01-05,9.783916473388672,28.06999969482422,29.270000457763672,27.940000534057617,29.190000534057617,78459800
2022-01-06,9.776949882507324,28.049999237060547,28.649999618530273,27.84000015258789,28.290000915527344,61163100
2022-01-07,9.822260856628418,28.18000030517578,28.290000915527344,27.81999969482422,28.110000610351562,47507600
2022-01-10,9.763006210327148,28.010000228881836,28.239999771118164,27.719999313354492,27.989999771118164,37455200
2022-01-11,10.052306175231934,28.84000015258789,29.06999969482422,27.850000381469727,28.100000381469727,73623800
2022-01-12,10.359031677246094,29.719999313354492,29.90999984741211,28.950000762939453,28.950000762939453,81378200
2022-01-13,10.56816577911377,30.31999969482422,30.6299991607666,29.5,29.530000686645508,76717500
2022-01-14,10.962032318115234,31.450000762939453,31.600000381469727,30.239999771118164,30.280000686645508,96458800
2022-01-17,10.979458808898926,31.5,31.809999465942383,31.25,31.399999618530273,35675900
2022-01-18,11.028255462646484,31.639999389648438,31.979999542236328,30.969999313354492,31.559999465942383,78198800
2022-01-19,10.975973129272461,31.489999771118164,32.209999084472656,31.440000534057617,31.899999618530273,77480200
2022-01-20,11.05614185333252,31.719999313354492,32.0,31.110000610351562,31.5,85353100
2022-01-21,11.073568344116211,31.770000457763672,31.8799991607666,31.530000686645508,31.56999969482422,61345400
2022-01-24,11.136311531066895,31.950000762939453,32.25,31.040000915527344,31.690000534057617,79117100
2022-01-25,11.498805046081543,32.9900016784668,33.22999954223633,31.579999923706055,31.700000762939453,98358500
2022-01-26,11.805534362792969,33.869998931884766,34.27000045776367,33.29999923706055,33.29999923706055,98679900
2022-01-27,11.80902099609375,33.880001068115234,34.63999938964844,33.16999816894531,34.25,90631000
2022-01-28,11.341958045959473,32.540000915527344,34.349998474121094,32.220001220703125,33.79999923706055,117400500
2022-01-31,11.275731086730957,32.349998474121094,33.0,32.06999969482422,32.5,62450300
2022-02-01,11.502293586730957,33.0,33.31999969482422,31.950000762939453,32.349998474121094,57315200
2022-02-02,11.334985733032227,32.52000045776367,33.4900016784668,32.36000061035156,33.40999984741211,36271700
2022-02-03,11.178133964538574,32.06999969482422,32.91999816894531,31.6200008392334,32.349998474121094,51087800
2022-02-04,11.373327255249023,32.630001068115234,33.22999954223633,31.8799991607666,32.40999984741211,59346800
2022-02-07,11.206021308898926,32.150001525878906,32.779998779296875,32.130001068115234,32.54999923706055,48868100
2022-02-08,11.094483375549316,31.829999923706055,31.950000762939453,31.260000228881836,31.899999618530273,62590000
2022-02-09,11.136311531066895,31.950000762939453,32.689998626708984,31.649999618530273,31.739999771118164,50960500
2022-02-10,11.307100296020508,32.439998626708984,32.900001525878906,31.940000534057617,32.29999923706055,49534600
2022-02-11,11.767194747924805,33.7599983215332,33.90999984741211,32.630001068115234,32.77000045776367,88013400
2022-02-14,11.502293586730957,33.0,33.939998626708984,32.81999969482422,33.86000061035156,55687000
2022-02-15,11.321043014526367,32.47999954223633,32.68000030517578,31.889999389648438,32.65999984741211,65689000
2022-02-16,11.477890014648438,32.93000030517578,33.70000076293945,32.77000045776367,32.83000183105469,65811600
2022-02-17,11.432580947875977,32.79999923706055,33.290000915527344,32.54999923706055,32.849998474121094,43255200
2022-02-18,11.502293586730957,33.0,33.09000015258789,32.27000045776367,32.56999969482422,60304700
2022-02-21,11.79856014251709,33.849998474121094,34.0,33.0,33.04999923706055,51263800
2022-02-22,11.760220527648926,33.7400016784668,34.68000030517578,33.209999084472656,34.220001220703125,80206700
2022-02-23,11.927529335021973,34.220001220703125,34.599998474121094,33.79999923706055,34.18000030517578,86530100
2022-02-24,11.638227462768555,33.38999938964844,35.290000915527344,32.68000030517578,34.79999923706055,139674100
2022-02-25,11.850847244262695,34.0,34.0,32.900001525878906,33.45000076293945,86189100
2022-03-02,12.08437728881836,34.66999816894531,35.290000915527344,34.38999938964844,35.2599983215332,58071800
2022-03-03,11.93449878692627,34.2400016784668,34.93000030517578,34.15999984741211,34.81999969482422,69237400
2022-03-04,11.931012153625488,34.22999954223633,34.68000030517578,33.81999969482422,34.08000183105469,55418000
2022-03-07,11.084026336669922,31.799999237060547,34.599998474121094,31.6299991607666,34.5,110954100
2022-03-08,11.314074516296387,32.459999084472656,32.970001220703125,31.510000228881836,32.0,111633500
2022-03-09,11.34892749786377,32.560001373291016,32.81999969482422,31.739999771118164,32.599998474121094,87779300
2022-03-10,11.746280670166016,33.70000076293945,34.599998474121094,32.52000045776367,32.599998474121094,136437700
2022-03-11,11.324529647827148,32.4900016784668,34.380001068115234,32.06999969482422,33.90999984741211,92153700
2022-03-14,11.108427047729492,31.8700008392334,32.88999938964844,31.520000457763672,32.43000030517578,52274100
2022-03-15,10.84003734588623,31.100000381469727,31.540000915527344,30.469999313354492,31.139999389648438,66272000
2022-03-16,10.745926856994629,30.829999923706055,31.540000915527344,30.3700008392334,31.5,72034900
2022-03-17,10.460114479064941,30.010000228881836,31.399999618530273,29.5,31.25,178319300
2022-03-18,10.669246673583984,30.610000610351562,30.81999969482422,29.860000610351562,30.09000015258789,93097100
2022-03-21,11.070083618164062,31.760000228881836,32.09000015258789,30.639999389648438,30.90999984741211,67700800
2022-03-22,11.021289825439453,31.6200008392334,32.099998474121094,31.350000381469727,31.989999771118164,56128600
2022-03-23,11.171165466308594,32.04999923706055,32.470001220703125,31.690000534057617,31.93000030517578,52956100
2022-03-24,11.300127983093262,32.41999816894531,32.599998474121094,31.670000076293945,32.04999923706055,49402800
2022-03-25,11.258304595947266,32.29999923706055,32.54999923706055,31.920000076293945,32.150001525878906,51780100
2022-03-28,11.01431655883789,31.600000381469727,32.08000183105469,30.979999542236328,32.060001373291016,68610500
2022-03-29,11.258304595947266,32.29999923706055,32.7599983215332,31.920000076293945,32.130001068115234,93809000
2022-03-30,11.498805046081543,32.9900016784668,32.9900016784668,32.380001068115234,32.5,69648400
2022-03-31,11.65914249420166,33.45000076293945,33.56999969482422,32.5,32.56999969482422,94269500
2022-04-01,11.50577449798584,33.0099983215332,33.790000915527344,32.90999984741211,33.54999923706055,72545400
2022-04-04,11.397724151611328,32.70000076293945,32.900001525878906,32.25,32.900001525878906,56053000
2022-04-05,11.289673805236816,32.38999938964844,33.060001373291016,32.38999938964844,32.65999984741211,45847200
2022-04-06,11.279217720031738,32.36000061035156,32.779998779296875,32.040000915527344,32.599998474121094,56947100
2022-04-07,11.864788055419922,34.040000915527344,34.060001373291016,32.5,32.63999938964844,118469400
2022-04-08,11.924042701721191,34.209999084472656,34.40999984741211,33.849998474121094,34.06999969482422,60772700
2022-04-11,11.833419799804688,33.95000076293945,34.099998474121094,33.779998779296875,33.900001525878906,48125400
2022-04-12,11.79856014251709,33.849998474121094,34.68000030517578,33.79999923706055,34.400001525878906,68522800
2022-04-13,12.049521446228027,34.56999969482422,34.79999923706055,34.099998474121094,34.369998931884766,101438800
2022-04-14,11.923785209655762,31.270000457763672,32.06999969482422,31.15999984741211,31.600000381469727,119382100
2022-04-18,11.714058876037598,30.719999313354492,31.389999389648438,30.469999313354492,31.15999984741211,76350600
2022-04-19,12.068682670593262,31.649999618530273,32.0,31.1200008392334,31.15999984741211,88494100
2022-04-20,12.125880241394043,31.799999237060547,31.950000762939453,31.329999923706055,31.649999618530273,34694700
2022-04-22,11.653046607971191,30.559999465942383,31.299999237060547,30.31999969482422,31.049999237060547,74560900
2022-04-25,11.481456756591797,30.110000610351562,30.440000534057617,29.540000915527344,29.969999313354492,66413900
2022-04-26,11.46238899230957,30.059999465942383,30.579999923706055,29.889999389648438,30.110000610351562,48764100
2022-04-27,11.46238899230957,30.059999465942383,30.559999465942383,29.950000762939453,30.3700008392334,41881300
2022-04-28,11.538653373718262,30.260000228881836,30.6200008392334,30.25,30.450000762939453,43298500
2022-04-29,11.546279907226562,30.280000686645508,31.59000015258789,30.280000686645508,30.75,76243900
2022-05-02,11.431884765625,29.979999542236328,30.329999923706055,29.329999923706055,30.170000076293945,72456200
2022-05-03,11.534838676452637,30.25,30.389999389648438,29.81999969482422,30.1200008392334,52531000
2022-05-04,12.228836059570312,32.06999969482422,32.16999816894531,30.399999618530273,30.600000381469727,109417000
2022-05-05,12.205954551696777,32.0099983215332,32.5,31.020000457763672,31.809999465942383,99439900
2022-05-06,12.606341361999512,33.060001373291016,33.119998931884766,31.899999618530273,32.689998626708984,129570200
2022-05-09,12.263154983520508,32.15999984741211,33.040000915527344,32.060001373291016,32.70000076293945,92314500
2022-05-10,12.369922637939453,32.439998626708984,32.849998474121094,32.20000076293945,32.36000061035156,60330600
2022-05-11,12.800812721252441,33.56999969482422,33.90999984741211,32.689998626708984,32.779998779296875,108895400
2022-05-12,12.899954795837402,33.83000183105469,34.08000183105469,33.2599983215332,33.2599983215332,114415900
2022-05-13,13.067732810974121,34.27000045776367,34.439998626708984,33.900001525878906,34.099998474121094,67000100
2022-05-16,13.197381019592285,34.61000061035156,34.880001068115234,34.0099983215332,34.25,92075300
2022-05-17,13.025789260864258,34.15999984741211,35.13999938964844,34.13999938964844,35.0,90914700
2022-05-18,12.812252044677734,33.599998474121094,34.560001373291016,33.43000030517578,34.18000030517578,80986200
2022-05-19,13.029603004455566,34.16999816894531,34.290000915527344,33.33000183105469,33.52000045776367,63983100
2022-05-20,13.281270027160645,34.83000183105469,34.83000183105469,34.25,34.59000015258789,79589900
2022-05-23,13.80367660522461,36.20000076293945,36.310001373291016,35.150001525878906,35.18000030517578,93807400
2022-05-24,13.427820205688477,31.600000381469727,32.09000015258789,30.709999084472656,31.200000762939453,154453100
2022-05-25,13.619036674499512,32.04999923706055,32.279998779296875,31.260000228881836,31.700000762939453,69991900
2022-05-26,13.653035163879395,32.130001068115234,32.560001373291016,31.950000762939453,32.02000045776367,78303600
2022-05-27,13.002888679504395,30.600000381469727,32.150001525878906,30.56999969482422,32.150001525878906,118295600
2022-05-30,12.743680000305176,29.989999771118164,30.8700008392334,29.1200008392334,30.84000015258789,98110100
2022-05-31,12.773426055908203,30.059999465942383,30.6200008392334,29.809999465942383,30.40999984741211,83598000
2022-06-01,12.756427764892578,30.020000457763672,30.329999923706055,29.850000381469727,29.899999618530273,46353200
2022-06-02,12.64594554901123,29.760000228881836,30.049999237060547,29.549999237060547,29.969999313354492,50738300
2022-06-03,12.866911888122559,30.280000686645508,30.440000534057617,29.530000686645508,29.709999084472656,60396900
2022-06-06,12.875407218933105,30.299999237060547,30.530000686645508,29.90999984741211,30.5,39213900
2022-06-07,13.028386116027832,30.65999984741211,31.299999237060547,30.15999984741211,30.190000534057617,80333700
2022-06-08,12.964645385742188,30.510000228881836,31.149999618530273,30.329999923706055,30.420000076293945,65923900
2022-06-09,12.777678489685059,30.06999969482422,30.65999984741211,29.979999542236328,30.510000228881836,53879000
2022-06-10,12.599203109741211,29.649999618530273,30.010000228881836,29.059999465942383,30.010000228881836,63101700
2022-06-13,12.43773078918457,29.270000457763672,29.579999923706055,28.670000076293945,29.020000457763672,64507100
2022-06-14,12.577960014343262,29.600000381469727,30.25,29.239999771118164,29.65999984741211,68816900
2022-06-15,12.356992721557617,29.079999923706055,30.020000457763672,28.84000015258789,30.0,72785700
2022-06-17,11.604865074157715,27.309999465942383,28.450000762939453,26.1299991607666,28.170000076293945,184606500
2022-06-20,11.736593246459961,27.6200008392334,28.25,25.90999984741211,26.020000457763672,92581800
2022-06-21,11.50288200378418,27.06999969482422,28.15999984741211,26.690000534057617,27.799999237060547,85179500
2022-06-22,11.468884468078613,26.989999771118164,27.549999237060547,26.389999389648438,26.579999923706055,57874700
2022-06-23,11.256422996520996,26.489999771118164,27.3799991607666,26.1200008392334,26.979999542236328,69262300
2022-06-24,11.17143726348877,26.290000915527344,27.09000015258789,26.18000030517578,26.760000228881836,53413400
2022-06-27,11.889569282531738,27.979999542236328,28.06999969482422,26.65999984741211,26.81999969482422,90417700
2022-06-28,12.038291931152344,28.329999923706055,28.829999923706055,28.020000457763672,28.579999923706055,51388000
2022-06-29,11.932064056396484,28.079999923706055,28.81999969482422,27.84000015258789,28.479999542236328,52048800
2022-06-30,11.868324279785156,27.93000030517578,28.059999465942383,27.399999618530273,27.649999618530273,49910100
2022-07-01,12.12328052520752,28.530000686645508,28.850000381469727,27.520000457763672,28.079999923706055,64948200
2022-07-04,12.382488250732422,29.139999389648438,29.280000686645508,28.540000915527344,28.540000915527344,37324200
2022-07-05,11.910818099975586,28.030000686645508,28.950000762939453,27.549999237060547,28.899999618530273,78428500
2022-07-06,11.75783920288086,27.670000076293945,28.479999542236328,26.90999984741211,28.15999984741211,57617200
2022-07-07,12.102032661437988,28.479999542236328,28.920000076293945,28.0,28.0,52147300
2022-07-08,12.238012313842773,28.799999237060547,28.969999313354492,28.3700008392334,28.530000686645508,43097800
2022-07-11,12.178524017333984,28.65999984741211,28.790000915527344,28.25,28.31999969482422,39577600
2022-07-12,11.995803833007812,28.229999542236328,28.43000030517578,27.969999313354492,28.299999237060547,46462000
2022-07-13,12.004301071166992,28.25,28.479999542236328,27.979999542236328,28.1299991607666,35497200
2022-07-14,11.681353569030762,27.489999771118164,28.0,27.239999771118164,28.0,47151000
2022-07-15,11.881070137023926,27.959999084472656,28.049999237060547,27.489999771118164,27.700000762939453,38610800
2022-07-18,12.153024673461914,28.600000381469727,28.690000534057617,28.299999237060547,28.389999389648438,46782300
2022-07-19,12.39948558807373,29.18000030517578,29.239999771118164,28.399999618530273,28.549999237060547,48562300
2022-07-20,12.39523696899414,29.170000076293945,29.219999313354492,28.829999923706055,29.06999969482422,43520800
2022-07-21,12.331498146057129,29.020000457763672,29.1299991607666,28.200000762939453,28.979999542236328,58843200
2022-07-22,12.463226318359375,29.329999923706055,29.469999313354492,28.850000381469727,29.040000915527344,55676200
2022-07-25,13.04538345336914,30.700000762939453,30.75,29.610000610351562,29.610000610351562,79106600
2022-07-26,13.177109718322754,31.010000228881836,31.6200008392334,30.59000015258789,31.200000762939453,78360100
2022-07-27,13.321585655212402,31.350000381469727,31.469999313354492,30.6200008392334,31.299999237060547,56097200
2022-07-28,13.72102165222168,32.290000915527344,32.630001068115234,31.43000030517578,31.59000015258789,114996500
2022-07-29,14.511394500732422,34.150001525878906,34.65999984741211,32.83000183105469,33.599998474121094,181480600
2022-08-01,14.311676979064941,33.68000030517578,34.150001525878906,33.220001220703125,34.0,81365100
2022-08-02,14.375415802001953,33.83000183105469,34.5,33.47999954223633,33.77000045776367,69147100
2022-08-03,14.383915901184082,33.849998474121094,34.15999984741211,33.560001373291016,34.0099983215332,65544500
2022-08-04,14.53688907623291,34.209999084472656,34.400001525878906,33.58000183105469,34.08000183105469,54387500
2022-08-05,14.817343711853027,34.869998931884766,35.060001373291016,34.119998931884766,34.150001525878906,77882600
2022-08-08,15.565223693847656,36.630001068115234,36.77000045776367,35.130001068115234,35.13999938964844,109484600
2022-08-09,15.820178985595703,37.22999954223633,37.459999084472656,36.849998474121094,37.0099983215332,79051200
2022-08-10,15.769190788269043,37.11000061035156,37.650001525878906,36.61000061035156,37.650001525878906,78369600
2022-08-11,15.403749465942383,36.25,37.86000061035156,36.25,37.45000076293945,128896500
2022-08-12,16.54762840270996,31.709999084472656,31.829999923706055,29.079999923706055,29.100000381469727,171288300
2022-08-15,16.552846908569336,31.719999313354492,32.22999954223633,30.549999237060547,30.8799991607666,96759000
2022-08-16,16.704179763793945,32.0099983215332,32.06999969482422,31.5,31.719999313354492,64218800
2022-08-17,17.095561981201172,32.7599983215332,32.81999969482422,31.600000381469727,31.649999618530273,72924700
2022-08-18,17.439979553222656,33.41999816894531,33.65999984741211,32.869998931884766,33.099998474121094,84552500
2022-08-19,16.558063507080078,31.729999542236328,33.150001525878906,31.329999923706055,32.91999816894531,125178200
2022-08-22,16.912919998168945,32.40999984741211,32.58000183105469,30.479999542236328,31.739999771118164,92400300
2022-08-23,17.450416564941406,33.439998626708984,33.5,32.619998931884766,32.630001068115234,73215800
2022-08-24,17.55478858947754,33.63999938964844,34.119998931884766,33.25,33.540000915527344,61067900
2022-08-25,17.366918563842773,33.279998779296875,34.36000061035156,32.66999816894531,34.099998474121094,99511600
2022-08-26,17.55478858947754,33.63999938964844,33.66999816894531,32.56999969482422,33.279998779296875,63545400
2022-08-29,17.99312973022461,34.47999954223633,35.08000183105469,33.45000076293945,33.54999923706055,73339500
2022-08-30,16.923357009887695,32.43000030517578,34.220001220703125,32.27000045776367,34.0,99361100
2022-08-31,17.340831756591797,33.22999954223633,33.439998626708984,31.81999969482422,32.06999969482422,114235400
2022-09-01,17.66437339782715,33.849998474121094,33.95000076293945,32.7599983215332,33.36000061035156,69184700
2022-09-02,17.439979553222656,33.41999816894531,34.56999969482422,33.2599983215332,34.439998626708984,81792300
2022-09-05,17.398229598999023,33.34000015258789,34.11000061035156,33.150001525878906,33.849998474121094,76337600
2022-09-06,16.75114631652832,32.099998474121094,32.59000015258789,31.510000228881836,32.27000045776367,111813500
2022-09-08,16.594594955444336,31.799999237060547,32.779998779296875,31.399999618530273,32.310001373291016,63159800
2022-09-09,16.589372634887695,31.790000915527344,32.66999816894531,31.700000762939453,32.4900016784668,49871900
2022-09-12,16.4276065826416,31.479999542236328,32.72999954223633,31.459999084472656,32.150001525878906,71374500
2022-09-13,15.99447250366211,30.649999618530273,31.440000534057617,30.520000457763672,30.940000534057617,88327800
2022-09-14,16.2397403717041,31.1200008392334,31.43000030517578,30.6299991607666,30.75,49039700
2022-09-15,16.208431243896484,31.059999465942383,31.229999542236328,30.799999237060547,30.920000076293945,45553200
2022-09-16,16.06231689453125,30.780000686645508,30.950000762939453,30.34000015258789,30.860000610351562,107303600
2022-09-19,16.318021774291992,31.270000457763672,31.3799991607666,29.8799991607666,30.5,65559900
2022-09-20,16.224084854125977,31.09000015258789,31.600000381469727,30.84000015258789,31.420000076293945,67798200
2022-09-21,16.265832901000977,31.170000076293945,31.469999313354492,30.889999389648438,31.350000381469727,58812200
2022-09-22,16.667652130126953,31.940000534057617,32.08000183105469,31.030000686645508,31.479999542236328,69764300
2022-09-23,15.623968124389648,29.940000534057617,31.389999389648438,29.770000457763672,31.31999969482422,138630800
2022-09-26,15.284772872924805,29.290000915527344,30.079999923706055,29.270000457763672,29.719999313354492,42934600
2022-09-27,15.48306941986084,29.670000076293945,29.8799991607666,29.579999923706055,29.65999984741211,71087600
2022-09-28,15.274333953857422,29.270000457763672,29.81999969482422,28.579999923706055,29.670000076293945,104670700
2022-09-29,15.295204162597656,29.309999465942383,29.399999618530273,28.600000381469727,28.989999771118164,87536500
2022-09-30,15.550909042358398,29.799999237060547,30.489999771118164,29.0,29.219999313354492,121637100
2022-10-03,16.792896270751953,32.18000030517578,32.63999938964844,31.65999984741211,31.90999984741211,179694100
2022-10-04,16.370203018188477,31.3700008392334,32.97999954223633,31.06999969482422,32.900001525878906,115917200
2022-10-05,16.985977172851562,32.54999923706055,32.81999969482422,31.200000762939453,31.40999984741211,92893700
2022-10-06,17.56521987915039,33.65999984741211,33.790000915527344,32.439998626708984,33.0,82671900
2022-10-07,17.5495662689209,33.630001068115234,34.31999969482422,33.220001220703125,33.58000183105469,73500100
2022-10-10,17.35126495361328,33.25,33.88999938964844,33.0,33.650001525878906,52222600
2022-10-11,17.220808029174805,33.0,33.33000183105469,32.61000061035156,32.88999938964844,58332400
2022-10-13,17.711336135864258,33.939998626708984,34.4900016784668,32.40999984741211,32.5,91143900
2022-10-14,17.439979553222656,33.41999816894531,34.13999938964844,33.29999923706055,33.970001220703125,62246100
2022-10-17,17.42432403564453,33.38999938964844,34.150001525878906,32.84000015258789,33.2400016784668,100936400
2022-10-18,17.85223388671875,34.209999084472656,34.22999954223633,33.15999984741211,33.900001525878906,82313200
2022-10-19,18.48366355895996,35.41999816894531,35.560001373291016,34.02000045776367,34.130001068115234,113700900
2022-10-20,19.03160285949707,36.470001220703125,36.54999923706055,35.77000045776367,36.099998474121094,114347400
2022-10-21,19.68390464782715,37.720001220703125,38.38999938964844,36.38999938964844,36.45000076293945,139601400
2022-10-24,17.873111724853516,34.25,36.81999969482422,34.22999954223633,36.5,142110900
2022-10-25,17.49738311767578,33.529998779296875,34.5,33.209999084472656,34.040000915527344,113161200
2022-10-26,17.069469451904297,32.709999084472656,33.529998779296875,31.899999618530273,32.599998474121094,121334800
2022-10-27,17.199932098388672,32.959999084472656,33.540000915527344,32.66999816894531,32.810001373291016,111008800
2022-10-28,16.996414184570312,32.56999969482422,33.119998931884766,31.860000610351562,32.70000076293945,129745400
2022-10-31,15.556126594543457,29.809999465942383,31.600000381469727,29.15999984741211,30.610000610351562,262409400
2022-11-01,15.582221031188965,29.860000610351562,30.670000076293945,29.559999465942383,30.56999969482422,115944200
2022-11-03,15.62918758392334,29.950000762939453,30.389999389648438,29.440000534057617,29.799999237060547,139062100
2022-11-04,14.768145561218262,28.299999237060547,30.899999618530273,28.18000030517578,30.799999237060547,195361000
2022-11-07,14.168027877807617,27.149999618530273,28.299999237060547,27.06999969482422,27.959999084472656,117206600
2022-11-08,14.272396087646484,27.350000381469727,27.530000686645508,26.75,27.059999465942383,94745400
2022-11-09,14.037565231323242,26.899999618530273,27.950000762939453,26.639999389648438,27.149999618530273,103303500
2022-11-10,13.630528450012207,26.1200008392334,26.889999389648438,25.610000610351562,26.079999923706055,145470100
2022-11-11,14.084528923034668,26.989999771118164,27.360000610351562,25.700000762939453,25.799999237060547,146365800
2022-11-14,14.455039978027344,27.700000762939453,28.18000030517578,27.09000015258789,27.260000228881836,66639500
2022-11-16,14.168027877807617,27.149999618530273,28.110000610351562,26.93000030517578,27.809999465942383,85549900
2022-11-17,14.173248291015625,27.15999984741211,27.299999237060547,26.549999237060547,27.0,101525800
2022-11-18,13.93320083618164,26.700000762939453,27.600000381469727,26.219999313354492,27.399999618530273,127683500
2022-11-21,13.974943161010742,26.780000686645508,27.56999969482422,26.049999237060547,27.1200008392334,164898100
2022-11-22,13.025114059448242,23.329999923706055,23.43000030517578,22.299999237060547,23.0,164261300
2022-11-23,13.086529731750488,23.440000534057617,23.649999618530273,22.799999237060547,23.0,77317300
2022-11-24,13.538748741149902,24.25,24.6299991607666,23.25,23.520000457763672,94233800
2022-11-25,13.321014404296875,23.860000610351562,24.329999923706055,23.600000381469727,24.260000228881836,58635900
2022-11-28,13.600163459777832,24.360000610351562,24.549999237060547,23.540000915527344,23.649999618530273,56067400
2022-11-29,14.16962718963623,25.3799991607666,25.8799991607666,24.479999542236328,24.600000381469727,96151500
2022-11-30,14.884251594543457,26.65999984741211,26.65999984741211,25.5,25.600000381469727,120774700
2022-12-01,14.286870002746582,25.59000015258789,26.790000915527344,25.559999465942383,26.579999923706055,71259400
2022-12-02,14.465526580810547,25.90999984741211,26.450000762939453,25.309999465942383,25.690000534057617,66301000
2022-12-05,14.303619384765625,25.6200008392334,26.579999923706055,25.549999237060547,26.0,56065400
2022-12-06,14.314787864685059,25.639999389648438,26.389999389648438,25.420000076293945,25.81999969482422,74991200
2022-12-07,14.15288257598877,25.350000381469727,26.06999969482422,25.270000457763672,25.34000015258789,57008400
2022-12-08,13.834650039672852,24.780000686645508,25.790000915527344,24.639999389648438,25.549999237060547,55567700
2022-12-09,13.795565605163574,24.709999084472656,25.049999237060547,24.489999771118164,24.989999771118164,61586200
2022-12-12,13.34892749786377,23.90999984741211,24.65999984741211,23.1299991607666,24.579999923706055,111293100
2022-12-13,13.019533157348633,23.31999969482422,24.200000762939453,23.309999465942383,24.100000381469727,102533100
2022-12-14,11.986677169799805,21.469999313354492,22.600000381469727,20.770000457763672,22.5,319501600
2022-12-15,12.304910659790039,22.040000915527344,22.3700008392334,20.829999923706055,21.0,132385600
2022-12-16,12.310489654541016,22.049999237060547,22.110000610351562,21.510000228881836,21.959999084472656,90767300
2022-12-19,12.494729995727539,22.3799991607666,22.510000228881836,21.639999389648438,22.100000381469727,63074100
2022-12-20,12.879958152770996,23.06999969482422,23.239999771118164,22.209999084472656,22.389999389648438,71875500
2022-12-21,13.159107208251953,23.56999969482422,23.719999313354492,22.850000381469727,23.5,74252800
2022-12-22,13.393592834472656,23.989999771118164,24.559999465942383,23.700000762939453,23.899999618530273,81894800
2022-12-23,14.024471282958984,25.1200008392334,25.219999313354492,24.1299991607666,24.1299991607666,68387900
2022-12-26,13.923975944519043,24.940000534057617,25.299999237060547,24.81999969482422,25.1200008392334,28765200
2022-12-27,14.018888473510742,25.110000610351562,25.309999465942383,24.549999237060547,25.25,50803200
2022-12-28,13.84581470489502,24.799999237060547,25.31999969482422,24.75,25.100000381469727,57293500
2022-12-29,13.678327560424805,24.5,25.049999237060547,24.43000030517578,24.989999771118164,57901800
2023-01-02,12.796213150024414,22.920000076293945,23.809999465942383,22.799999237060547,23.540000915527344,78424700
2023-01-03,12.472399711608887,22.34000015258789,23.100000381469727,22.1299991607666,22.940000534057617,96750300
2023-01-04,12.868792533874512,23.049999237060547,23.59000015258789,21.829999923706055,21.959999084472656,129504000
2023-01-05,13.332179069519043,23.8799991607666,24.040000915527344,23.149999618530273,23.34000015258789,73886000
2023-01-06,13.254016876220703,23.739999771118164,24.31999969482422,23.549999237060547,23.940000534057617,51851500
2023-01-09,13.326598167419434,23.8700008392334,24.0,23.25,23.5,46385200
2023-01-10,13.449422836303711,24.09000015258789,24.110000610351562,23.3700008392334,23.950000762939453,52741100
2023-01-11,13.555500984191895,24.280000686645508,24.6200008392334,24.049999237060547,24.149999618530273,53536500
2023-01-12,13.75090503692627,24.6299991607666,24.649999618530273,24.110000610351562,24.290000915527344,58130000
2023-01-13,13.71740436553955,24.56999969482422,24.65999984741211,24.25,24.440000534057617,40002700
2023-01-16,13.421506881713867,24.040000915527344,24.5,23.829999923706055,24.40999984741211,31973700
2023-01-17,14.247790336608887,25.520000457763672,25.6200008392334,24.110000610351562,24.110000610351562,91797500
2023-01-18,13.996554374694824,25.06999969482422,26.030000686645508,25.0,25.84000015258789,69692900
2023-01-19,14.454360008239746,25.889999389648438,25.950000762939453,24.790000915527344,25.0,75553300
2023-01-20,14.722344398498535,26.3700008392334,26.600000381469727,25.420000076293945,25.889999389648438,114219500
2023-01-23,14.956831932067871,26.790000915527344,27.600000381469727,26.1299991607666,26.270000457763672,87678100
2023-01-24,14.850753784179688,26.600000381469727,27.530000686645508,26.3700008392334,27.469999313354492,65794000
2023-01-25,15.040575981140137,26.940000534057617,27.079999923706055,26.010000228881836,26.549999237060547,51832900
2023-01-26,14.655346870422363,26.25,27.200000762939453,25.799999237060547,27.09000015258789,73344800
2023-01-27,14.303619384765625,25.6200008392334,26.229999542236328,25.440000534057617,26.18000030517578,47681900
2023-01-30,14.376199722290039,25.75,26.06999969482422,25.510000228881836,25.850000381469727,40683200
2023-01-31,14.554855346679688,26.06999969482422,26.209999084472656,25.520000457763672,25.6299991607666,54048900
2023-02-01,14.353865623474121,25.709999084472656,26.479999542236328,25.450000762939453,26.06999969482422,56349200
2023-02-02,13.689492225646973,24.520000457763672,25.809999465942383,24.420000076293945,25.510000228881836,83823000
2023-02-03,13.840230941772461,24.790000915527344,25.3799991607666,24.420000076293945,24.540000915527344,71170700
2023-02-06,14.392949104309082,25.780000686645508,25.8700008392334,24.75,24.8700008392334,82794500
2023-02-07,14.303619384765625,25.6200008392334,26.139999389648438,25.459999084472656,25.90999984741211,55311800
2023-02-08,14.543688774108887,26.049999237060547,26.149999618530273,25.559999465942383,25.799999237060547,48713100
2023-02-09,14.476692199707031,25.93000030517578,26.31999969482422,25.790000915527344,26.049999237060547,38198300
2023-02-10,14.91774845123291,26.719999313354492,26.790000915527344,25.93000030517578,25.979999542236328,54683100
2023-02-13,14.962411880493164,26.799999237060547,26.889999389648438,26.3700008392334,26.690000534057617,36726900
2023-02-14,14.906582832336426,26.700000762939453,27.059999465942383,26.600000381469727,26.850000381469727,35839000
2023-02-15,14.928913116455078,26.739999771118164,26.799999237060547,26.299999237060547,26.579999923706055,72554100
2023-02-16,14.99032974243164,26.850000381469727,26.950000762939453,26.489999771118164,26.600000381469727,44115700
2023-02-17,14.76142406463623,26.440000534057617,26.670000076293945,26.3700008392334,26.670000076293945,61085700
2023-02-22,14.381780624389648,25.760000228881836,26.110000610351562,25.690000534057617,26.0,38608500
2023-02-23,14.822837829589844,26.549999237060547,26.790000915527344,25.770000457763672,25.770000457763672,73913400
2023-02-24,14.459946632385254,25.899999618530273,26.700000762939453,25.8700008392334,26.670000076293945,64409100
2023-02-27,14.599518775939941,26.149999618530273,26.739999771118164,25.809999465942383,25.84000015258789,76250600
2023-02-28,14.09146499633789,25.239999771118164,26.920000076293945,25.239999771118164,26.209999084472656,130248100
2023-03-01,14.124961853027344,25.299999237060547,25.43000030517578,24.190000534057617,25.309999465942383,109257700
2023-03-02,13.756486892700195,24.639999389648438,25.670000076293945,24.3700008392334,25.420000076293945,124516200
2023-03-03,14.348283767700195,25.700000762939453,25.739999771118164,24.450000762939453,24.829999923706055,87591800
2023-03-06,14.493443489074707,25.959999084472656,26.1200008392334,25.3700008392334,25.700000762939453,50227400
2023-03-07,14.013304710388184,25.100000381469727,25.780000686645508,24.93000030517578,25.719999313354492,59052500
2023-03-08,14.191961288452148,25.420000076293945,25.920000076293945,25.1299991607666,25.149999618530273,66220400
2023-03-09,14.130549430847168,25.309999465942383,26.229999542236328,25.280000686645508,25.350000381469727,68042300
2023-03-10,13.946309089660645,24.979999542236328,25.579999923706055,24.940000534057617,25.15999984741211,48118600
2023-03-13,13.505252838134766,24.190000534057617,24.860000610351562,24.100000381469727,24.549999237060547,58605500
2023-03-14,13.26518440246582,23.760000228881836,24.729999542236328,23.600000381469727,24.280000686645508,58916700
2023-03-15,13.030699729919434,23.34000015258789,23.479999542236328,22.799999237060547,23.329999923706055,93708800
2023-03-16,12.986035346984863,23.260000228881836,23.520000457763672,22.969999313354492,23.399999618530273,66821000
2023-03-17,13.125611305236816,23.510000228881836,23.510000228881836,22.860000610351562,23.100000381469727,93502700
2023-03-20,12.80179214477539,22.93000030517578,23.649999618530273,22.889999389648438,23.510000228881836,57575200
2023-03-21,13.064194679260254,23.399999618530273,23.600000381469727,23.079999923706055,23.200000762939453,43391200
2023-03-22,13.025114059448242,23.329999923706055,23.6200008392334,23.040000915527344,23.389999389648438,46435600
2023-03-23,12.729216575622559,22.799999237060547,23.670000076293945,22.59000015258789,23.3700008392334,74711200
2023-03-24,12.723636627197266,22.790000915527344,23.1299991607666,22.479999542236328,22.709999084472656,52556800
2023-03-27,12.941370964050293,23.18000030517578,23.360000610351562,22.829999923706055,23.110000610351562,39148700
2023-03-28,13.17027473449707,23.59000015258789,23.639999389648438,23.149999618530273,23.219999313354492,29091100
2023-03-29,13.343344688415527,23.899999618530273,24.040000915527344,23.469999313354492,23.709999084472656,49148600
2023-03-30,13.382428169250488,23.969999313354492,24.280000686645508,23.68000030517578,24.25,56116900
2023-03-31,13.09211254119873,23.450000762939453,24.219999313354492,23.209999084472656,24.0,59547800
2023-04-03,13.67273998260498,24.489999771118164,24.5,23.799999237060547,24.09000015258789,73931200
2023-04-04,13.549917221069336,24.270000457763672,24.760000228881836,24.100000381469727,24.6299991607666,57505700
2023-04-05,13.594578742980957,24.350000381469727,24.530000686645508,23.270000457763672,24.190000534057617,93626400
2023-04-06,13.399173736572266,24.0,24.420000076293945,23.950000762939453,24.34000015258789,29565400
2023-04-10,13.683906555175781,24.510000228881836,24.65999984741211,24.030000686645508,24.030000686645508,41455900
2023-04-11,14.325949668884277,25.65999984741211,25.700000762939453,24.6299991607666,24.700000762939453,80565000
2023-04-12,14.432029724121094,25.850000381469727,26.149999618530273,25.18000030517578,25.979999542236328,71563400
2023-04-13,14.53252124786377,26.030000686645508,26.09000015258789,25.799999237060547,25.850000381469727,38852800
2023-04-14,14.683263778686523,26.299999237060547,26.399999618530273,25.719999313354492,25.799999237060547,38421100
2023-04-17,14.9121675491333,26.709999084472656,26.799999237060547,26.209999084472656,26.239999771118164,49427100
2023-04-18,15.291807174682617,27.389999389648438,27.6200008392334,26.520000457763672,26.709999084472656,99478800
2023-04-19,14.800506591796875,26.510000228881836,27.309999465942383,26.450000762939453,27.15999984741211,73217800
2023-04-20,14.901000022888184,26.690000534057617,26.979999542236328,26.290000915527344,26.520000457763672,54738400
2023-04-24,15.18572998046875,27.200000762939453,27.260000228881836,26.5,26.600000381469727,43820900
2023-04-25,15.12431526184082,27.09000015258789,27.5,26.719999313354492,27.15999984741211,53854100
2023-04-26,14.934499740600586,26.75,27.219999313354492,26.75,27.1200008392334,40249400
2023-04-27,14.571603775024414,26.100000381469727,27.18000030517578,25.90999984741211,26.850000381469727,115632700
2023-04-28,14.905027389526367,23.700000762939453,24.049999237060547,23.149999618530273,23.600000381469727,81138500
2023-05-02,14.301275253295898,22.739999771118164,23.739999771118164,22.639999389648438,23.700000762939453,67911100
2023-05-03,14.25096607208252,22.65999984741211,22.989999771118164,22.420000076293945,22.600000381469727,51133700
2023-05-04,14.477370262145996,23.020000457763672,23.3799991607666,22.610000610351562,22.889999389648438,57854400
2023-05-05,15.093695640563965,24.0,24.170000076293945,23.18000030517578,23.299999237060547,83365200
2023-05-08,15.414438247680664,24.510000228881836,24.6299991607666,24.209999084472656,24.450000762939453,59352300
2023-05-09,15.464749336242676,24.59000015258789,24.799999237060547,24.239999771118164,24.40999984741211,33978200
2023-05-10,15.427019119262695,24.530000686645508,24.81999969482422,24.329999923706055,24.59000015258789,41500700
2023-05-11,15.99302864074707,25.43000030517578,25.479999542236328,23.93000030517578,24.1299991607666,136878100
2023-05-12,16.508729934692383,26.25,26.739999771118164,25.479999542236328,25.579999923706055,117237500
2023-05-15,16.13767433166504,25.65999984741211,26.149999618530273,25.399999618530273,26.059999465942383,81996700
2023-05-16,16.540176391601562,26.299999237060547,27.030000686645508,26.079999923706055,26.110000610351562,117782700
2023-05-17,16.13767433166504,25.65999984741211,26.760000228881836,25.510000228881836,26.600000381469727,107129200
2023-05-18,16.232011795043945,25.809999465942383,25.850000381469727,25.350000381469727,25.59000015258789,63010500
2023-05-19,16.206857681274414,25.770000457763672,26.18000030517578,25.639999389648438,26.079999923706055,69245500
2023-05-22,16.11252212524414,25.6200008392334,26.010000228881836,25.5,25.8799991607666,38010200
2023-05-23,16.508729934692383,26.25,26.43000030517578,25.520000457763672,25.649999618530273,58285300
2023-05-24,16.760295867919922,26.649999618530273,26.899999618530273,26.049999237060547,26.25,54796400
2023-05-25,16.634511947631836,26.450000762939453,26.84000015258789,26.190000534057617,26.799999237060547,49182700
2023-05-26,16.85462760925293,26.799999237060547,26.90999984741211,26.530000686645508,26.809999465942383,39866600
2023-05-29,16.78544807434082,26.690000534057617,26.81999969482422,26.559999465942383,26.75,17977100
2023-05-30,16.596776962280273,26.389999389648438,26.799999237060547,26.260000228881836,26.719999313354492,45736700
2023-05-31,16.426973342895508,26.1200008392334,26.360000610351562,25.8700008392334,26.270000457763672,49207600
2023-06-01,16.95525550842285,26.959999084472656,27.0,26.15999984741211,26.299999237060547,63148200
2023-06-02,17.093612670898438,27.18000030517578,27.600000381469727,27.110000610351562,27.43000030517578,39919300
2023-06-05,17.27599334716797,27.469999313354492,27.559999465942383,27.229999542236328,27.540000915527344,39321700
2023-06-06,17.64075469970703,28.049999237060547,28.25,27.209999084472656,27.450000762939453,75426600
2023-06-07,18.156457901000977,28.8700008392334,29.059999465942383,28.43000030517578,28.649999618530273,82330400
2023-06-09,19.043212890625,30.280000686645508,30.389999389648438,29.020000457763672,29.100000381469727,80442400
2023-06-12,19.37653350830078,30.809999465942383,30.989999771118164,30.040000915527344,30.219999313354492,119350400
2023-06-13,19.338722229003906,28.860000610351562,29.239999771118164,28.59000015258789,29.239999771118164,79174900
2023-06-14,20.169631958007812,30.100000381469727,30.100000381469727,28.8799991607666,28.940000534057617,98326000
2023-06-15,19.693872451782227,29.389999389648438,30.850000381469727,29.280000686645508,30.200000762939453,120579500
2023-06-16,19.861391067504883,29.639999389648438,29.920000076293945,29.040000915527344,29.229999542236328,94572000
2023-06-19,20.384056091308594,30.420000076293945,30.459999084472656,29.549999237060547,29.6299991607666,34573900
2023-06-20,20.48457145690918,30.56999969482422,30.75,29.899999618530273,30.299999237060547,55605300
2023-06-21,21.34228515625,31.850000381469727,32.0,30.850000381469727,30.93000030517578,89294300
2023-06-22,21.074249267578125,31.450000762939453,31.690000534057617,31.079999923706055,31.459999084472656,43455800
2023-06-23,20.209835052490234,30.15999984741211,31.280000686645508,29.889999389648438,31.200000762939453,76023400
2023-06-26,20.66549301147461,30.84000015258789,31.049999237060547,30.1200008392334,30.1200008392334,53635000
2023-06-27,20.504674911499023,30.600000381469727,31.200000762939453,30.34000015258789,30.93000030517578,48399600
2023-06-28,20.699003219604492,30.889999389648438,31.18000030517578,30.549999237060547,30.579999923706055,36794600
2023-06-29,20.79281234741211,31.030000686645508,31.1200008392334,30.760000228881836,31.0,32071800
2023-06-30,19.787681579589844,29.530000686645508,31.079999923706055,29.31999969482422,31.0,104262900
2023-07-03,20.156230926513672,30.079999923706055,30.18000030517578,29.719999313354492,29.719999313354492,31266900
2023-07-04,20.203134536743164,30.149999618530273,30.389999389648438,29.959999084472656,29.959999084472656,18308000
2023-07-05,20.17633628845215,30.110000610351562,30.549999237060547,29.65999984741211,30.15999984741211,53585500
2023-07-06,19.868093490600586,29.649999618530273,30.0,29.149999618530273,29.850000381469727,47685700
2023-07-07,19.767578125,29.5,30.200000762939453,29.360000610351562,29.760000228881836,55533500
2023-07-10,19.801082611083984,29.549999237060547,29.670000076293945,29.010000228881836,29.110000610351562,25590200
2023-07-11,19.53304672241211,29.149999618530273,29.530000686645508,29.0,29.530000686645508,40877000
2023-07-12,19.546449661254883,29.170000076293945,29.770000457763672,29.139999389648438,29.200000762939453,40181800
2023-07-13,19.854692459106445,29.6299991607666,29.719999313354492,29.040000915527344,29.06999969482422,35886500
2023-07-14,19.466039657592773,29.049999237060547,29.579999923706055,28.860000610351562,29.5,34451100
2023-07-17,19.425838470458984,28.989999771118164,29.09000015258789,27.950000762939453,28.40999984741211,52160800
2023-07-18,19.318620681762695,28.829999923706055,29.200000762939453,28.709999084472656,29.0,35640400
2023-07-19,19.499542236328125,29.100000381469727,29.1299991607666,28.56999969482422,28.809999465942383,46517700
2023-07-20,19.5196475982666,29.1299991607666,29.350000381469727,28.8799991607666,29.06999969482422,33177100
2023-07-21,19.888195037841797,29.68000030517578,29.860000610351562,29.1299991607666,29.149999618530273,52059200
2023-07-24,20.303651809692383,30.299999237060547,30.40999984741211,29.760000228881836,29.799999237060547,45268100
2023-07-25,20.7727108001709,31.0,31.049999237060547,30.200000762939453,30.5,56261000
2023-07-26,20.7727108001709,31.0,31.219999313354492,30.6299991607666,30.950000762939453,45880200
2023-07-27,19.693872451782227,29.389999389648438,30.889999389648438,29.3799991607666,30.850000381469727,86471900
2023-07-28,19.94179916381836,29.760000228881836,29.950000762939453,29.31999969482422,29.43000030517578,43608600
2023-07-31,20.846424102783203,31.110000610351562,31.149999618530273,30.299999237060547,30.299999237060547,91290800
2023-08-01,20.504674911499023,30.600000381469727,31.09000015258789,29.950000762939453,31.09000015258789,75752400
2023-08-02,20.45777130126953,30.530000686645508,30.579999923706055,29.799999237060547,30.510000228881836,62068400
2023-08-03,20.719106674194336,30.920000076293945,31.1299991607666,30.6200008392334,30.93000030517578,57304400
2023-08-04,20.102622985839844,30.0,31.139999389648438,29.739999771118164,30.700000762939453,120685800
2023-08-07,20.229938507080078,30.190000534057617,30.5,29.860000610351562,29.860000610351562,44984900
2023-08-08,20.25004005432129,30.219999313354492,30.389999389648438,29.719999313354492,29.90999984741211,34771300
2023-08-09,20.410863876342773,30.459999084472656,30.719999313354492,30.15999984741211,30.209999084472656,48561500
2023-08-10,20.524778366088867,30.6299991607666,30.860000610351562,30.1200008392334,30.299999237060547,54020200
2023-08-11,20.47787094116211,30.559999465942383,31.040000915527344,30.15999984741211,30.610000610351562,39403200
2023-08-14,20.531475067138672,30.639999389648438,30.739999771118164,30.270000457763672,30.479999542236328,27992700
2023-08-15,20.678897857666016,30.860000610351562,32.150001525878906,30.850000381469727,32.04999923706055,87366200
2023-08-16,21.134559631347656,31.540000915527344,31.979999542236328,30.8799991607666,31.0,74461000
2023-08-17,21.067550659179688,31.440000534057617,32.189998626708984,31.309999465942383,31.75,57570600
2023-08-18,21.121156692504883,31.520000457763672,31.68000030517578,31.18000030517578,31.40999984741211,45579700
2023-08-21,20.973735809326172,31.299999237060547,32.029998779296875,30.969999313354492,31.700000762939453,42236900
2023-08-22,21.293241500854492,30.610000610351562,30.610000610351562,30.239999771118164,30.5,31372200
2023-08-23,22.4271183013916,32.2400016784668,32.2400016784668,31.09000015258789,31.200000762939453,95507400
2023-08-24,22.392333984375,32.189998626708984,32.720001220703125,31.84000015258789,32.27000045776367,49332300
2023-08-25,22.239301681518555,31.969999313354492,32.470001220703125,31.799999237060547,32.380001068115234,34079000
2023-08-28,22.489728927612305,32.33000183105469,32.34000015258789,31.860000610351562,32.099998474121094,24956100
2023-08-29,22.538421630859375,32.400001525878906,32.5,31.989999771118164,32.400001525878906,40607500
2023-08-30,22.691457748413086,32.619998931884766,32.70000076293945,32.29999923706055,32.40999984741211,34637900
2023-08-31,22.218433380126953,31.940000534057617,32.790000915527344,31.8799991607666,32.709999084472656,48971500
2023-09-01,22.69841766357422,32.630001068115234,32.689998626708984,31.959999084472656,32.209999084472656,50089200
2023-09-04,22.461904525756836,32.290000915527344,32.720001220703125,32.209999084472656,32.68000030517578,21667400
2023-09-05,23.213180541992188,33.369998931884766,33.4900016784668,32.220001220703125,32.27000045776367,75082900
2023-09-06,23.31752586364746,33.52000045776367,33.79999923706055,33.220001220703125,33.349998474121094,57856500
2023-09-08,23.234052658081055,33.400001525878906,33.66999816894531,33.2599983215332,33.47999954223633,39074100
2023-09-11,23.213180541992188,33.369998931884766,33.689998626708984,33.33000183105469,33.470001220703125,30276200
2023-09-12,23.324481964111328,33.529998779296875,33.779998779296875,33.4900016784668,33.54999923706055,31963000
2023-09-13,22.976669311523438,33.029998779296875,33.70000076293945,33.029998779296875,33.650001525878906,47685700
2023-09-14,23.56100082397461,33.869998931884766,34.0,33.099998474121094,33.099998474121094,46502100
2023-09-15,23.574909210205078,33.88999938964844,33.9900016784668,33.61000061035156,33.869998931884766,54801500
2023-09-18,23.74186134338379,34.130001068115234,34.709999084472656,33.849998474121094,34.0,52363400
2023-09-19,23.797510147094727,34.209999084472656,34.619998931884766,34.06999969482422,34.209999084472656,43247200
2023-09-20,23.85316276550293,34.290000915527344,34.61000061035156,34.0099983215332,34.150001525878906,39102300
2023-09-21,23.484474182128906,33.7599983215332,34.290000915527344,33.630001068115234,34.0,60109400
2023-09-22,23.67229461669922,34.029998779296875,34.189998626708984,33.810001373291016,34.02000045776367,31020500
2023-09-25,23.82533836364746,34.25,34.33000183105469,33.93000030517578,33.95000076293945,26767200
2023-09-26,23.275787353515625,33.459999084472656,34.09000015258789,33.459999084472656,34.0,60687500
2023-09-27,24.01315689086914,34.52000045776367,34.52000045776367,33.779998779296875,33.86000061035156,53708700
2023-09-28,23.964462280273438,34.45000076293945,34.540000915527344,34.209999084472656,34.45000076293945,30765000
2023-09-29,24.096633911132812,34.63999938964844,34.689998626708984,34.25,34.5,40227600
2023-10-02,23.734905242919922,34.119998931884766,34.77000045776367,33.93000030517578,34.54999923706055,34403400
2023-10-03,23.630563735961914,33.970001220703125,34.22999954223633,33.630001068115234,33.970001220703125,37947300
2023-10-04,22.691457748413086,32.619998931884766,33.709999084472656,32.38999938964844,33.599998474121094,88895900
2023-10-05,22.767976760864258,32.72999954223633,32.939998626708984,32.290000915527344,32.5099983215332,35342000
2023-10-06,23.31056785583496,33.5099983215332,33.81999969482422,32.33000183105469,32.599998474121094,48132800
2023-10-09,24.312273025512695,34.95000076293945,35.08000183105469,34.099998474121094,34.150001525878906,77528400
2023-10-10,24.493141174316406,35.209999084472656,35.34000015258789,34.7400016784668,34.900001525878906,48326500
2023-10-11,24.4305362701416,35.119998931884766,35.25,34.4900016784668,35.13999938964844,41578500
2023-10-13,25.237462997436523,36.279998779296875,36.36000061035156,35.779998779296875,35.790000915527344,66943700
2023-10-16,25.51572036743164,36.68000030517578,36.79999923706055,35.959999084472656,36.400001525878906,49626600
2023-10-17,26.204389572143555,37.66999816894531,37.66999816894531,36.630001068115234,36.70000076293945,68814800
2023-10-18,26.79567527770996,38.52000045776367,38.61000061035156,37.90999984741211,37.9900016784668,85931700
2023-10-19,26.67046546936035,38.34000015258789,38.470001220703125,37.91999816894531,38.36000061035156,56016600
2023-10-20,26.329607009887695,37.849998474121094,38.86000061035156,37.38999938964844,38.689998626708984,66242400
2023-10-23,24.590530395507812,35.349998474121094,36.79999923706055,35.2599983215332,36.59000015258789,104499100
2023-10-24,24.95921516418457,35.880001068115234,36.189998626708984,35.16999816894531,35.650001525878906,78634900
2023-10-25,25.091384887695312,36.06999969482422,36.279998779296875,35.75,36.08000183105469,32846500
2023-10-26,24.834001541137695,35.70000076293945,35.93000030517578,35.150001525878906,35.849998474121094,47858600
2023-10-27,24.653135299682617,35.439998626708984,36.459999084472656,35.16999816894531,36.209999084472656,45843100
2023-10-30,24.402711868286133,35.08000183105469,35.720001220703125,34.86000061035156,35.58000183105469,31346900
2023-10-31,24.166196823120117,34.7400016784668,35.18000030517578,34.4900016784668,35.0099983215332,36965200
2023-11-01,24.4305362701416,35.119998931884766,35.540000915527344,34.900001525878906,35.02000045776367,46335300
2023-11-03,24.72270393371582,35.540000915527344,35.88999938964844,35.04999923706055,35.790000915527344,30959700
2023-11-06,24.701826095581055,35.5099983215332,36.130001068115234,35.5099983215332,35.7400016784668,33583600
2023-11-07,24.291406631469727,34.91999816894531,35.41999816894531,34.65999984741211,35.06999969482422,48919900
2023-11-08,23.769683837890625,34.16999816894531,34.79999923706055,33.90999984741211,34.599998474121094,59742900
2023-11-09,24.263586044311523,34.880001068115234,35.150001525878906,34.36000061035156,34.5,56231100
2023-11-10,24.15228271484375,34.720001220703125,35.060001373291016,34.5099983215332,34.65999984741211,40004800
2023-11-13,24.827043533325195,35.689998626708984,35.75,34.66999816894531,34.68000030517578,44120000
2023-11-14,25.167903900146484,36.18000030517578,36.2400016784668,35.4900016784668,35.689998626708984,50888600
2023-11-16,24.72965431213379,35.54999923706055,36.4900016784668,35.5,35.97999954223633,72361200
2023-11-17,25.536588668823242,36.709999084472656,36.91999816894531,35.81999969482422,35.83000183105469,87666300
2023-11-20,25.557458877563477,36.7400016784668,37.220001220703125,36.27000045776367,36.77000045776367,67796900
2023-11-21,25.29311180114746,36.36000061035156,36.540000915527344,35.90999984741211,36.540000915527344,49597800
2023-11-22,25.416912078857422,35.15999984741211,35.15999984741211,34.25,34.900001525878906,58578300
2023-11-23,25.42413902282715,35.16999816894531,35.25,34.810001373291016,35.130001068115234,24068100
2023-11-24,25.496431350708008,35.27000045776367,35.81999969482422,34.709999084472656,34.97999954223633,53456200
2023-11-27,25.351850509643555,35.06999969482422,35.400001525878906,34.75,35.0,36996000
2023-11-28,25.734983444213867,35.599998474121094,35.619998931884766,35.150001525878906,35.16999816894531,36875900
2023-11-29,25.467512130737305,35.22999954223633,36.029998779296875,34.939998626708984,35.900001525878906,37528600
2023-11-30,25.959081649780273,35.90999984741211,35.91999816894531,35.2400016784668,35.459999084472656,58808800
2023-12-01,25.785585403442383,35.66999816894531,36.0,35.529998779296875,35.720001220703125,36388100
2023-12-04,25.236188888549805,34.90999984741211,35.54999923706055,34.849998474121094,35.439998626708984,35601900
2023-12-05,25.12052345275879,34.75,35.16999816894531,34.68000030517578,34.91999816894531,43234200
2023-12-06,24.21690559387207,33.5,34.79999923706055,33.5,34.54999923706055,64179200
2023-12-07,24.159076690673828,33.41999816894531,34.18000030517578,33.040000915527344,33.650001525878906,64723900
2023-12-08,24.932573318481445,34.4900016784668,34.540000915527344,33.47999954223633,33.709999084472656,53290700
2023-12-11,24.838600158691406,34.36000061035156,34.689998626708984,34.2400016784668,34.459999084472656,30613300
2023-12-12,24.636188507080078,34.08000183105469,34.599998474121094,33.79999923706055,34.54999923706055,30371500
2023-12-13,24.990402221679688,34.56999969482422,34.619998931884766,34.13999938964844,34.209999084472656,38992900
2023-12-14,25.53257179260254,35.31999969482422,35.7400016784668,34.84000015258789,35.0,57950000
2023-12-15,25.590410232543945,35.400001525878906,35.790000915527344,35.0,35.279998779296875,56570100
2023-12-18,25.908477783203125,35.84000015258789,36.29999923706055,35.58000183105469,35.75,44474300
2023-12-19,26.204862594604492,36.25,36.25,35.810001373291016,35.959999084472656,32183000
2023-12-20,26.298839569091797,36.380001068115234,36.7400016784668,36.290000915527344,36.369998931884766,38947900
2023-12-21,26.30607032775879,36.38999938964844,36.68000030517578,36.06999969482422,36.66999816894531,30511900
2023-12-22,26.559083938598633,36.7400016784668,36.79999923706055,36.369998931884766,36.5,31234700
2023-12-26,26.985586166381836,37.33000183105469,37.369998931884766,36.83000183105469,36.86000061035156,23466800
2023-12-27,27.007274627685547,37.36000061035156,37.43000030517578,37.130001068115234,37.31999969482422,19588500
2023-12-28,26.9205322265625,37.2400016784668,37.36000061035156,37.040000915527344,37.22999954223633,21421900
2024-01-02,27.31089210510254,37.779998779296875,37.88999938964844,37.400001525878906,37.439998626708984,24043800
2024-01-03,28.163902282714844,38.959999084472656,39.119998931884766,37.66999816894531,37.79999923706055,52300200
2024-01-04,27.925350189208984,38.630001068115234,39.349998474121094,38.5099983215332,39.119998931884766,45344900
2024-01-05,27.99041175842285,38.720001220703125,39.13999938964844,38.40999984741211,38.869998931884766,35783700
2024-01-08,27.780771255493164,38.43000030517578,38.43000030517578,37.61000061035156,38.380001068115234,35158100
2024-01-09,27.54221534729004,38.099998474121094,38.75,38.029998779296875,38.66999816894531,27279000
2024-01-10,27.289201736450195,37.75,38.27000045776367,37.5099983215332,38.099998474121094,27382000
2024-01-11,27.520530700683594,38.06999969482422,38.150001525878906,37.70000076293945,37.97999954223633,26564400
2024-01-12,27.592819213867188,38.16999816894531,38.72999954223633,38.16999816894531,38.5,24479500
2024-01-15,27.88920783996582,38.58000183105469,38.619998931884766,37.86000061035156,37.9900016784668,13818300
2024-01-16,27.54221534729004,38.099998474121094,38.790000915527344,38.08000183105469,38.61000061035156,31277700
2024-01-17,27.383182525634766,37.880001068115234,38.150001525878906,37.81999969482422,37.970001220703125,27577300
2024-01-18,27.274747848510742,37.72999954223633,38.13999938964844,37.560001373291016,38.13999938964844,22987200
2024-01-19,27.130165100097656,37.529998779296875,37.900001525878906,37.22999954223633,37.810001373291016,31745200
2024-01-22,27.253055572509766,37.70000076293945,37.810001373291016,37.22999954223633,37.5,22753700
2024-01-23,27.592819213867188,38.16999816894531,38.369998931884766,37.43000030517578,37.84000015258789,32498500
2024-01-24,27.383182525634766,37.880001068115234,38.540000915527344,37.77000045776367,38.290000915527344,25415300
2024-01-25,28.39522361755371,39.279998779296875,39.279998779296875,38.130001068115234,38.2599983215332,48655300
2024-01-26,28.886796951293945,39.959999084472656,40.09000015258789,38.90999984741211,39.099998474121094,41378200
2024-01-29,29.327760696411133,40.56999969482422,40.59000015258789,39.83000183105469,40.0,30547500
2024-01-30,29.14703941345215,40.31999969482422,40.7400016784668,40.04999923706055,40.16999816894531,34829000
2024-01-31,29.46510887145996,40.7599983215332,41.2400016784668,40.18000030517578,40.22999954223633,57978900
2024-02-01,30.0506534576416,41.56999969482422,41.880001068115234,40.66999816894531,40.779998779296875,61629200
2024-02-02,29.660289764404297,41.029998779296875,41.779998779296875,41.02000045776367,41.58000183105469,36485600
2024-02-05,29.790414810180664,41.209999084472656,41.68000030517578,40.93000030517578,41.0099983215332,27703000
2024-02-06,30.065113067626953,41.59000015258789,42.349998474121094,41.27000045776367,41.45000076293945,35474600
2024-02-07,30.506078720092773,42.20000076293945,42.20000076293945,41.41999816894531,41.52000045776367,30648100
2024-02-08,30.260292053222656,41.86000061035156,42.45000076293945,41.86000061035156,42.29999923706055,25589100
2024-02-09,29.855472564697266,41.29999923706055,42.33000183105469,41.29999923706055,42.13999938964844,30388000
2024-02-14,29.631376266479492,40.9900016784668,41.400001525878906,40.86000061035156,41.099998474121094,18315300
2024-02-15,30.578365325927734,42.29999923706055,42.29999923706055,40.849998474121094,41.0099983215332,33246400
2024-02-16,30.860294342041016,42.689998626708984,42.88999938964844,42.060001373291016,42.09000015258789,37268900
2024-02-19,31.012104034423828,42.900001525878906,42.939998626708984,42.560001373291016,42.7599983215332,12826700
2024-02-20,30.686796188354492,42.45000076293945,42.81999969482422,42.099998474121094,42.77000045776367,42375400
2024-02-21,30.730173110961914,42.5099983215332,42.720001220703125,42.130001068115234,42.45000076293945,20873800
2024-02-22,30.49884796142578,42.189998626708984,42.68000030517578,41.79999923706055,42.66999816894531,32162800
2024-02-23,30.289209365844727,41.900001525878906,42.2400016784668,41.61000061035156,42.13999938964844,43924500
2024-02-26,30.860294342041016,42.689998626708984,42.72999954223633,41.83000183105469,41.900001525878906,25885700
2024-02-27,30.816925048828125,42.630001068115234,42.81999969482422,42.380001068115234,42.70000076293945,27678100
2024-02-28,29.2265567779541,40.43000030517578,42.939998626708984,39.83000183105469,42.52000045776367,112322000
2024-02-29,29.01691246032715,40.13999938964844,41.2400016784668,39.849998474121094,40.59000015258789,61899800
2024-03-01,29.045833587646484,40.18000030517578,40.849998474121094,40.13999938964844,40.349998474121094,31248500
2024-03-04,28.973546981811523,40.08000183105469,40.75,40.02000045776367,40.27000045776367,21988000
2024-03-05,28.886796951293945,39.959999084472656,40.369998931884766,39.61000061035156,40.099998474121094,30293300
2024-03-06,29.5229434967041,40.84000015258789,40.84000015258789,40.11000061035156,40.20000076293945,45481000
2024-03-07,29.19763946533203,40.38999938964844,40.939998626708984,40.279998779296875,40.63999938964844,50199800
2024-03-08,26.530166625976562,36.70000076293945,37.060001373291016,35.099998474121094,35.900001525878906,230369800
2024-03-11,25.771129608154297,35.650001525878906,37.7400016784668,35.29999923706055,35.66999816894531,127528700
2024-03-12,26.616918563842773,36.81999969482422,37.22999954223633,36.15999984741211,36.349998474121094,76139100
2024-03-13,26.298839569091797,36.380001068115234,37.33000183105469,36.310001373291016,36.900001525878906,45140600
2024-03-14,26.18317985534668,36.220001220703125,36.91999816894531,36.150001525878906,36.7400016784668,39983400
2024-03-15,26.25546646118164,36.31999969482422,36.45000076293945,35.939998626708984,36.29999923706055,59362500
2024-03-18,26.269927978515625,36.34000015258789,36.720001220703125,35.5,36.40999984741211,35326100
2024-03-19,26.074745178222656,36.06999969482422,36.849998474121094,35.560001373291016,36.38999938964844,48540800
2024-03-20,26.530166625976562,36.70000076293945,36.7400016784668,35.810001373291016,36.22999954223633,39017900
2024-03-21,25.80727195739746,35.70000076293945,37.060001373291016,35.68000030517578,36.849998474121094,47220200
2024-03-22,26.060283660888672,36.04999923706055,36.220001220703125,35.43000030517578,35.900001525878906,34426800
2024-03-25,26.457874298095703,36.599998474121094,36.83000183105469,36.15999984741211,36.18000030517578,26951500
2024-03-26,26.212095260620117,36.2599983215332,36.66999816894531,36.16999816894531,36.66999816894531,24837800
2024-03-27,26.42173194885254,36.54999923706055,36.65999984741211,36.119998931884766,36.279998779296875,19995700
2024-03-28,27.007274627685547,37.36000061035156,37.52000045776367,36.470001220703125,36.5,31958200
2024-04-01,27.216915130615234,37.650001525878906,37.709999084472656,37.209999084472656,37.5,23697800
2024-04-02,27.91811752319336,38.619998931884766,38.650001525878906,37.77000045776367,37.81999969482422,45930700
2024-04-03,27.773540496826172,38.41999816894531,39.0099983215332,38.220001220703125,38.70000076293945,31437200
2024-04-04,27.455469131469727,37.97999954223633,39.47999954223633,37.43000030517578,38.470001220703125,165566800
2024-04-05,27.54221534729004,38.099998474121094,38.56999969482422,37.16999816894531,37.900001525878906,65469200
2024-04-08,27.925350189208984,38.630001068115234,39.060001373291016,37.72999954223633,38.029998779296875,36384400
2024-04-09,27.997638702392578,38.72999954223633,39.13999938964844,38.060001373291016,38.900001525878906,36989300
2024-04-10,28.619327545166016,39.59000015258789,39.72999954223633,38.65999984741211,38.72999954223633,55821500
2024-04-11,28.40968894958496,39.29999923706055,39.7599983215332,39.20000076293945,39.599998474121094,33195300
2024-04-12,28.149442672729492,38.939998626708984,40.04999923706055,38.70000076293945,39.720001220703125,39613500
2024-04-15,28.416915893554688,39.310001373291016,39.45000076293945,38.630001068115234,38.939998626708984,28692000
2024-04-16,28.54703712463379,39.4900016784668,39.709999084472656,38.95000076293945,39.0099983215332,37303000
2024-04-17,28.75667381286621,39.779998779296875,39.95000076293945,39.34000015258789,39.4900016784668,39221700
2024-04-18,28.807275772094727,39.849998474121094,40.59000015258789,39.650001525878906,40.0,45078800
2024-04-19,29.298847198486328,40.529998779296875,41.06999969482422,39.84000015258789,40.04999923706055,80546900
2024-04-22,30.000051498413086,41.5,41.59000015258789,40.52000045776367,40.7599983215332,51775500
2024-04-23,29.94222068786621,41.41999816894531,41.630001068115234,40.959999084472656,41.400001525878906,35456900
2024-04-24,29.804868698120117,41.22999954223633,41.9900016784668,41.209999084472656,41.54999923706055,45388300
2024-04-25,30.52053451538086,42.220001220703125,42.47999954223633,41.08000183105469,41.400001525878906,66372400
2024-04-26,30.95157241821289,41.650001525878906,41.779998779296875,41.06999969482422,41.290000915527344,31899100
2024-04-29,31.323137283325195,42.150001525878906,42.150001525878906,41.31999969482422,41.47999954223633,27886000
2024-04-30,31.226533889770508,42.02000045776367,42.209999084472656,41.619998931884766,42.0,36635400
2024-05-02,31.34543228149414,42.18000030517578,42.380001068115234,41.84000015258789,42.25,33244700
2024-05-03,30.946683883666992,39.88999938964844,40.689998626708984,39.45000076293945,40.689998626708984,45114200
2024-05-06,31.15615463256836,40.15999984741211,40.36000061035156,39.720001220703125,39.869998931884766,22977200
2024-05-07,31.536293029785156,40.650001525878906,40.650001525878906,40.0,40.150001525878906,23808600
2024-05-08,32.01729202270508,41.27000045776367,41.33000183105469,40.310001373291016,40.349998474121094,25352000
2024-05-09,32.327606201171875,41.66999816894531,41.84000015258789,40.939998626708984,41.060001373291016,27206400
2024-05-10,32.257789611816406,41.58000183105469,42.09000015258789,41.5,41.84000015258789,27968700
2024-05-13,32.288818359375,41.619998931884766,41.970001220703125,41.5099983215332,41.7400016784668,18394300
2024-05-14,31.706972122192383,40.869998931884766,41.29999923706055,40.15999984741211,40.7599983215332,53613200
2024-05-15,29.790742874145508,38.400001525878906,38.810001373291016,37.5,37.599998474121094,131281100
2024-05-16,28.92184829711914,37.279998779296875,38.650001525878906,37.2400016784668,38.29999923706055,83168500
2024-05-17,28.46412467956543,36.689998626708984,37.41999816894531,36.5099983215332,37.349998474121094,67207900
2024-05-20,28.51067543029785,36.75,37.2400016784668,36.630001068115234,36.72999954223633,40400400
2024-05-21,28.45636749267578,36.68000030517578,37.09000015258789,36.56999969482422,36.790000915527344,27967400
2024-05-22,28.844268798828125,37.18000030517578,37.459999084472656,36.40999984741211,36.5,36528800
2024-05-23,28.557222366333008,36.810001373291016,37.709999084472656,36.56999969482422,37.439998626708984,47987800
2024-05-24,28.402057647705078,36.61000061035156,37.189998626708984,36.56999969482422,37.06999969482422,23684700
2024-05-27,28.712383270263672,37.0099983215332,37.08000183105469,36.689998626708984,36.720001220703125,13623300
2024-05-28,29.325265884399414,37.79999923706055,38.290000915527344,37.40999984741211,37.439998626708984,46437700
2024-05-29,29.286474227905273,37.75,37.91999816894531,37.439998626708984,37.709999084472656,29246800
2024-05-31,30.093305587768555,38.790000915527344,38.88999938964844,37.900001525878906,37.93000030517578,53929400
2024-06-03,29.93038558959961,38.58000183105469,38.93000030517578,38.439998626708984,38.83000183105469,43454500
2024-06-04,29.5967960357666,38.150001525878906,38.43000030517578,37.70000076293945,38.400001525878906,34090200
2024-06-05,29.635581970214844,38.20000076293945,38.43000030517578,38.06999969482422,38.2599983215332,18627100
2024-06-06,29.77522850036621,38.380001068115234,38.720001220703125,38.27000045776367,38.279998779296875,25944100
2024-06-07,28.658071517944336,36.939998626708984,38.470001220703125,36.86000061035156,38.220001220703125,46003600
2024-06-10,29.09252166748047,37.5,38.060001373291016,37.119998931884766,37.189998626708984,32560900
2024-06-11,29.216650009155273,37.65999984741211,38.0,37.5,37.810001373291016,31131300
2024-06-12,28.58091926574707,35.81999969482422,37.04999923706055,35.61000061035156,36.95000076293945,52182400
2024-06-13,28.293668746948242,35.459999084472656,36.189998626708984,34.849998474121094,35.900001525878906,46233500
2024-06-14,27.67130470275879,34.68000030517578,35.5,34.150001525878906,35.4900016784668,53534900
2024-06-17,27.77503776550293,34.810001373291016,35.130001068115234,34.27000045776367,34.40999984741211,40941800
2024-06-18,28.644752502441406,35.900001525878906,36.13999938964844,34.81999969482422,34.88999938964844,36180700
2024-06-19,28.668684005737305,35.93000030517578,36.119998931884766,35.56999969482422,35.900001525878906,20776200
2024-06-20,29.123489379882812,36.5,36.88999938964844,36.20000076293945,36.220001220703125,39442900
2024-06-21,29.27509117126465,36.689998626708984,36.959999084472656,36.380001068115234,36.54999923706055,43340200
2024-06-24,29.57032012939453,37.060001373291016,37.060001373291016,36.47999954223633,36.84000015258789,24599400
2024-06-25,29.5463809967041,37.029998779296875,37.119998931884766,36.7599983215332,37.04999923706055,18572600
2024-06-26,29.594253540039062,37.09000015258789,37.119998931884766,36.709999084472656,36.79999923706055,25553200
2024-06-27,30.08895492553711,37.709999084472656,37.959999084472656,37.31999969482422,37.5099983215332,37731000
2024-06-28,30.360244750976562,38.04999923706055,38.16999816894531,37.709999084472656,37.79999923706055,22019700
2024-07-01,30.823026657104492,38.630001068115234,38.7599983215332,38.18000030517578,38.310001373291016,24963500
2024-07-02,30.727275848388672,38.5099983215332,39.099998474121094,38.439998626708984,38.83000183105469,33346200
2024-07-03,30.192684173583984,37.84000015258789,38.790000915527344,37.7599983215332,38.70000076293945,38509400
2024-07-04,29.777774810791016,37.31999969482422,37.959999084472656,37.119998931884766,37.900001525878906,32698800
2024-07-05,29.937353134155273,37.52000045776367,37.650001525878906,37.11000061035156,37.45000076293945,32758800
2024-07-08,30.671422958374023,38.439998626708984,38.52000045776367,37.290000915527344,37.47999954223633,48845900
2024-07-09,30.6634464263916,38.43000030517578,38.70000076293945,38.27000045776367,38.45000076293945,34832500
2024-07-10,30.376195907592773,38.06999969482422,38.560001373291016,37.97999954223633,38.4900016784668,32899700
2024-07-11,30.58365821838379,38.33000183105469,38.45000076293945,38.11000061035156,38.15999984741211,17229400
2024-07-12,30.440034866333008,38.150001525878906,38.5099983215332,38.13999938964844,38.43000030517578,15779100
2024-07-15,30.719303131103516,38.5,38.72999954223633,38.20000076293945,38.29999923706055,22969200
2024-07-16,30.639507293701172,38.400001525878906,38.5,38.11000061035156,38.349998474121094,19637000
2024-07-17,30.799087524414062,38.599998474121094,38.689998626708984,38.34000015258789,38.43000030517578,24606100
2024-07-18,30.74323844909668,38.529998779296875,38.65999984741211,38.349998474121094,38.5,21315500
2024-07-19,30.870899200439453,38.689998626708984,38.77000045776367,38.38999938964844,38.5,30593100
2024-07-22,30.25651741027832,37.91999816894531,38.59000015258789,37.880001068115234,38.59000015258789,25807800
2024-07-23,29.865541458129883,37.43000030517578,38.0,37.43000030517578,37.91999816894531,25284700
2024-07-24,30.10491180419922,37.72999954223633,38.0,37.5,37.65999984741211,23863800
2024-07-25,30.065019607543945,37.68000030517578,37.75,37.27000045776367,37.560001373291016,19562600
2024-07-26,30.033100128173828,37.63999938964844,38.130001068115234,37.41999816894531,37.66999816894531,32043200
2024-07-29,29.426692962646484,36.880001068115234,37.720001220703125,36.41999816894531,37.5099983215332,39790000
2024-07-30,29.243179321289062,36.650001525878906,36.77000045776367,36.38999938964844,36.5099983215332,16040700
2024-07-31,29.84958267211914,37.40999984741211,37.40999984741211,36.959999084472656,37.04999923706055,28561100
2024-08-01,29.394777297973633,36.84000015258789,37.83000183105469,36.790000915527344,37.75,29756300
2024-08-02,28.50910758972168,35.72999954223633,36.79999923706055,35.72999954223633,36.720001220703125,36483900
2024-08-05,28.485166549682617,35.70000076293945,35.70000076293945,34.599998474121094,34.79999923706055,44765900
2024-08-06,28.979869842529297,36.31999969482422,36.65999984741211,35.34000015258789,35.599998474121094,36009000
2024-08-07,28.939971923828125,36.27000045776367,36.75,36.0,36.70000076293945,25020500
2024-08-08,29.402753829956055,36.849998474121094,36.95000076293945,36.15999984741211,36.349998474121094,29870300
2024-08-09,29.1314697265625,36.5099983215332,36.95000076293945,35.58000183105469,36.130001068115234,66082100
2024-08-12,29.793733596801758,37.34000015258789,37.810001373291016,36.79999923706055,36.79999923706055,39655100
2024-08-13,29.61021614074707,37.11000061035156,37.630001068115234,36.970001220703125,37.529998779296875,28557200
2024-08-14,30.128849029541016,37.7599983215332,38.0,37.15999984741211,37.189998626708984,37955500
2024-08-15,30.59163475036621,38.34000015258789,38.560001373291016,38.0,38.04999923706055,33409000
2024-08-16,30.719303131103516,38.5,38.77000045776367,38.029998779296875,38.16999816894531,35472700
2024-08-19,30.671422958374023,38.439998626708984,38.790000915527344,38.400001525878906,38.599998474121094,28138200
2024-08-20,30.55174446105957,38.290000915527344,38.68000030517578,37.88999938964844,38.5,27322600
2024-08-21,30.368223190307617,38.060001373291016,38.790000915527344,37.939998626708984,38.68000030517578,38491900
2024-08-22,30.46111488342285,37.119998931884766,37.29999923706055,36.86000061035156,37.279998779296875,26334300
2024-08-23,30.27237319946289,36.88999938964844,37.529998779296875,36.88999938964844,37.369998931884766,29239000
2024-08-26,32.47160720825195,39.56999969482422,39.61000061035156,37.709999084472656,37.86000061035156,102270300
2024-08-27,32.03668975830078,39.040000915527344,39.369998931884766,38.95000076293945,39.25,35073100
2024-08-28,32.49623107910156,39.599998474121094,39.86000061035156,38.779998779296875,38.939998626708984,43284500
2024-08-29,32.27467346191406,39.33000183105469,39.83000183105469,39.279998779296875,39.650001525878906,25356600
2024-08-30,32.307491302490234,39.369998931884766,39.650001525878906,38.880001068115234,39.220001220703125,84437200
2024-09-02,32.00386428833008,39.0,39.400001525878906,38.88999938964844,39.33000183105469,15288400
2024-09-03,31.618179321289062,38.529998779296875,38.81999969482422,38.380001068115234,38.790000915527344,35866300
2024-09-04,31.626388549804688,38.540000915527344,38.91999816894531,38.52000045776367,38.7400016784668,28851300
2024-09-05,31.4294376373291,38.29999923706055,38.88999938964844,38.29999923706055,38.650001525878906,26206600
2024-09-06,30.813980102539062,37.54999923706055,38.45000076293945,37.470001220703125,38.369998931884766,32971700
2024-09-09,31.15043067932129,37.959999084472656,38.25,37.61000061035156,37.84000015258789,30521800
2024-09-10,30.633441925048828,37.33000183105469,37.91999816894531,37.0,37.91999816894531,37263500
2024-09-11,30.600616455078125,37.290000915527344,37.83000183105469,36.869998931884766,37.7599983215332,32907000
2024-09-12,30.255964279174805,36.869998931884766,37.31999969482422,36.75,37.290000915527344,22103300
2024-09-13,30.116455078125,36.70000076293945,37.54999923706055,36.59000015258789,37.11000061035156,34729600
2024-09-16,30.53497314453125,37.209999084472656,37.720001220703125,37.15999984741211,37.2400016784668,22614800
2024-09-17,30.395469665527344,37.040000915527344,37.189998626708984,36.70000076293945,37.16999816894531,23443700
2024-09-18,29.665122985839844,36.150001525878906,36.93000030517578,36.150001525878906,36.90999984741211,38777000
2024-09-19,29.76359748840332,36.27000045776367,36.779998779296875,36.189998626708984,36.56999969482422,25059700
2024-09-20,29.755390167236328,36.2599983215332,36.400001525878906,36.06999969482422,36.27000045776367,48336200
2024-09-23,30.059019088745117,36.630001068115234,36.959999084472656,36.220001220703125,36.38999938964844,28218500
2024-09-24,30.18210792541504,36.779998779296875,37.310001373291016,36.720001220703125,37.22999954223633,35104100
2024-09-25,30.40367317199707,37.04999923706055,37.43000030517578,36.959999084472656,37.099998474121094,38655300
2024-09-26,29.747182846069336,36.25,36.91999816894531,35.970001220703125,36.91999816894531,58048200
2024-09-27,29.632299423217773,36.11000061035156,36.380001068115234,35.93000030517578,36.380001068115234,34537400
2024-09-30,29.55023193359375,36.0099983215332,36.279998779296875,35.91999816894531,36.15999984741211,21146300
2024-10-01,30.338022232055664,36.970001220703125,37.52000045776367,35.83000183105469,36.0099983215332,49748200
2024-10-02,30.75653076171875,37.47999954223633,37.93000030517578,37.349998474121094,37.75,32014500
2024-10-03,31.134010314941406,37.939998626708984,38.040000915527344,37.209999084472656,37.439998626708984,31033000
2024-10-04,31.051958084106445,37.84000015258789,38.20000076293945,37.66999816894531,38.150001525878906,22526800
2024-10-07,31.486881256103516,38.369998931884766,38.380001068115234,37.900001525878906,38.040000915527344,36418000
2024-10-08,30.855003356933594,37.599998474121094,37.75,37.45000076293945,37.470001220703125,34142000
2024-10-09,30.54317855834961,37.220001220703125,37.52000045776367,37.0099983215332,37.369998931884766,30789800
2024-10-10,30.896041870117188,37.650001525878906,37.7400016784668,37.31999969482422,37.400001525878906,20630100
2024-10-11,30.87141990661621,37.619998931884766,37.650001525878906,37.31999969482422,37.599998474121094,16343000
2024-10-14,30.945276260375977,37.709999084472656,37.900001525878906,37.349998474121094,37.470001220703125,22279000
2024-10-15,30.69089126586914,37.400001525878906,37.40999984741211,37.060001373291016,37.209999084472656,28204600
2024-10-16,30.53497314453125,37.209999084472656,37.58000183105469,37.189998626708984,37.54999923706055,23041200
2024-10-17,30.30520248413086,36.93000030517578,37.209999084472656,36.689998626708984,37.209999084472656,22174300
2024-10-18,30.223140716552734,36.83000183105469,37.06999969482422,36.40999984741211,36.97999954223633,32000800
2024-10-21,29.747182846069336,36.25,37.04999923706055,36.20000076293945,37.0,28390000
2024-10-22,29.632299423217773,36.11000061035156,36.29999923706055,35.9900016784668,36.20000076293945,29144300
2024-10-23,29.26302146911621,35.65999984741211,35.939998626708984,35.56999969482422,35.90999984741211,30769100
2024-10-24,29.4599666595459,35.900001525878906,36.029998779296875,35.560001373291016,35.849998474121094,23058900
2024-10-25,29.665122985839844,36.150001525878906,36.4900016784668,35.849998474121094,35.959999084472656,32585900
2024-10-28,29.61588478088379,36.09000015258789,36.130001068115234,35.34000015258789,35.4900016784668,27507100
2024-10-29,29.55023193359375,36.0099983215332,36.41999816894531,35.79999923706055,36.33000183105469,26090200
2024-10-30,29.418933868408203,35.849998474121094,36.369998931884766,35.849998474121094,36.119998931884766,26144700
2024-10-31,29.468175888061523,35.90999984741211,36.04999923706055,35.630001068115234,35.869998931884766,25597000
2024-11-01,29.066072463989258,35.41999816894531,36.369998931884766,35.29999923706055,36.20000076293945,30605300
2024-11-04,29.131723403930664,35.5,35.95000076293945,35.380001068115234,35.900001525878906,24003600
2024-11-05,29.041454315185547,35.38999938964844,35.599998474121094,35.029998779296875,35.5,23990600
2024-11-06,29.049659729003906,35.400001525878906,35.459999084472656,35.040000915527344,35.04999923706055,28440800
2024-11-07,29.13992691040039,35.5099983215332,35.88999938964844,35.27000045776367,35.4900016784668,34081200
2024-11-08,29.689741134643555,36.18000030517578,36.31999969482422,35.540000915527344,35.849998474121094,49865100
2024-11-11,29.747182846069336,36.25,36.41999816894531,35.900001525878906,35.9900016784668,21446300
2024-11-12,30.30520248413086,36.93000030517578,37.11000061035156,36.34000015258789,36.36000061035156,39412300
2024-11-13,30.264171600341797,36.880001068115234,37.06999969482422,36.529998779296875,36.95000076293945,34090000
2024-11-14,30.584211349487305,37.27000045776367,37.33000183105469,36.86000061035156,36.91999816894531,30262100
2024-11-18,31.347373962402344,38.20000076293945,38.29999923706055,37.20000076293945,37.20000076293945,39004100
2024-11-19,31.019128799438477,37.79999923706055,38.29999923706055,37.650001525878906,38.099998474121094,26002700
2024-11-21,31.109397888183594,37.90999984741211,38.130001068115234,37.54999923706055,37.970001220703125,36048400
2024-11-22,32.34851837158203,39.41999816894531,39.83000183105469,38.470001220703125,38.709999084472656,85234900
2024-11-25,32.15157699584961,39.18000030517578,39.86000061035156,39.150001525878906,39.380001068115234,41119500
2024-11-26,32.11054992675781,39.130001068115234,39.5099983215332,39.060001373291016,39.36000061035156,35188200
2024-11-27,31.99566078186035,38.9900016784668,39.36000061035156,38.75,39.20000076293945,30600700
2024-11-28,31.667415618896484,38.59000015258789,39.29999923706055,38.380001068115234,38.810001373291016,33113500
2024-11-29,31.92180633544922,38.900001525878906,39.220001220703125,38.40999984741211,38.5,44011700
2024-12-02,32.12696075439453,39.150001525878906,39.400001525878906,38.77000045776367,38.900001525878906,31711800
2024-12-03,32.4141731262207,39.5,39.5,39.08000183105469,39.400001525878906,22536200
2024-12-04,32.20901870727539,39.25,39.86000061035156,38.97999954223633,39.5,31584400
2024-12-05,32.529056549072266,39.63999938964844,39.810001373291016,39.209999084472656,39.38999938964844,25214200
2024-12-06,32.02848434448242,39.029998779296875,39.70000076293945,38.959999084472656,39.63999938964844,31118500
2024-12-09,32.857303619384766,40.040000915527344,40.16999816894531,39.36000061035156,39.380001068115234,28548700
2024-12-10,32.98039245605469,40.189998626708984,40.43000030517578,40.11000061035156,40.29999923706055,21837600
2024-12-11,33.30863571166992,40.59000015258789,40.7599983215332,39.95000076293945,40.349998474121094,46900900
2024-12-12,32.712860107421875,38.34000015258789,38.88999938964844,38.119998931884766,38.720001220703125,38310600
2024-12-13,32.508087158203125,38.099998474121094,38.72999954223633,37.91999816894531,38.599998474121094,23235400
2024-12-16,32.3715705871582,37.939998626708984,38.2599983215332,37.83000183105469,38.189998626708984,21349400
2024-12-17,32.678733825683594,38.29999923706055,38.4900016784668,37.83000183105469,37.939998626708984,39617200
2024-12-18,31.834035873413086,37.310001373291016,38.400001525878906,37.310001373291016,38.279998779296875,58126400
2024-12-19,31.706052780151367,37.15999984741211,37.93000030517578,36.97999954223633,37.65999984741211,43268400
2024-12-20,31.441551208496094,36.849998474121094,37.349998474121094,36.709999084472656,37.15999984741211,59277400
2024-12-23,31.45008659362793,36.86000061035156,37.04999923706055,36.720001220703125,37.0,43785600
2024-12-26,31.686504364013672,35.77000045776367,36.0,35.599998474121094,35.630001068115234,22920700
2024-12-27,31.589065551757812,35.65999984741211,36.0,35.61000061035156,36.0,24167200
2024-12-30,32.05855178833008,36.189998626708984,36.369998931884766,35.77000045776367,35.779998779296875,22355600
